,pk,category,blog_url
0,1,faith-and-work-blogs,https://www.patheos.com/blogs/billpeel
1,2,buddhist-blogs,https://www.patheos.com/blogs/americanbuddhist
2,3,buddhist-blogs,https://www.patheos.com/blogs/monkeymind
3,4,buddhist-blogs,https://www.patheos.com/blogs/bodhisattvaroad
4,5,buddhist-blogs,https://www.patheos.com/blogs/notesfromthetemple
5,6,buddhist-blogs,https://www.patheos.com/blogs/wildfoxzen
6,9999,catholic-blogs,http://www.patheos.com/blogs/amongthornseucharistandpizza
7,9999,catholic-blogs,http://www.patheos.com/blogs/coffeeandcrucifix
8,9999,catholic-blogs,http://www.patheos.com/blogs/contemplatioculture
9,9999,catholic-blogs,http://www.patheos.com/blogs/conviviumsalon
10,9999,catholic-blogs,http://www.patheos.com/blogs/russellsaltzman
11,9999,catholic-blogs,http://www.patheos.com/blogs/thewayofthewildflowers
12,9999,catholic-blogs,https://www.patheos.com/blogs/abeliefobserved
13,9999,catholic-blogs,https://www.patheos.com/blogs/aftertheecstasy
14,9999,catholic-blogs,https://www.patheos.com/blogs/albertlittle
15,9999,catholic-blogs,https://www.patheos.com/blogs/beyondalltelling
16,9999,catholic-blogs,https://www.patheos.com/blogs/billykangas
17,9999,catholic-blogs,https://www.patheos.com/blogs/bornagaincatholic
18,9999,catholic-blogs,https://www.patheos.com/blogs/catholicauthenticity
19,9999,catholic-blogs,https://www.patheos.com/blogs/catholicbookblogger
20,9999,catholic-blogs,https://www.patheos.com/blogs/catholicnews
21,9999,catholic-blogs,https://www.patheos.com/blogs/chaosandoldnight
22,9999,catholic-blogs,https://www.patheos.com/blogs/christiandemocracy
23,9999,catholic-blogs,https://www.patheos.com/blogs/cosmostheinlost
24,9999,catholic-blogs,https://www.patheos.com/blogs/cracksinpomo
25,9999,catholic-blogs,https://www.patheos.com/blogs/daffeythoughts
26,9999,catholic-blogs,https://www.patheos.com/blogs/davearmstrong
27,9999,catholic-blogs,https://www.patheos.com/blogs/deaconsbench
28,9999,catholic-blogs,https://www.patheos.com/blogs/divinewedgie
29,9999,catholic-blogs,https://www.patheos.com/blogs/duffy
30,9999,catholic-blogs,https://www.patheos.com/blogs/eatingpeaches
31,9999,catholic-blogs,https://www.patheos.com/blogs/ecperson
32,9999,catholic-blogs,https://www.patheos.com/blogs/elflandletters
33,9999,catholic-blogs,https://www.patheos.com/blogs/elpuente
34,9999,catholic-blogs,https://www.patheos.com/blogs/embodiedfaith
35,9999,catholic-blogs,https://www.patheos.com/blogs/europeancommunion
36,9999,catholic-blogs,https://www.patheos.com/blogs/evetushnet
37,9999,catholic-blogs,https://www.patheos.com/blogs/faithonthecouch
38,9999,catholic-blogs,https://www.patheos.com/blogs/franciscanactivist
39,9999,catholic-blogs,https://www.patheos.com/blogs/fumblingtowardgrace
40,9999,catholic-blogs,https://www.patheos.com/blogs/goodletters
41,9999,catholic-blogs,https://www.patheos.com/blogs/henrykarlson
42,9999,catholic-blogs,https://www.patheos.com/blogs/ilnaufrago
43,9999,catholic-blogs,https://www.patheos.com/blogs/janetheactuary
44,9999,catholic-blogs,https://www.patheos.com/blogs/jappersandjanglers
45,9999,catholic-blogs,https://www.patheos.com/blogs/jenniferfitz
46,9999,catholic-blogs,https://www.patheos.com/blogs/kateohare
47,9999,catholic-blogs,https://www.patheos.com/blogs/labmind
48,9999,catholic-blogs,https://www.patheos.com/blogs/lifetransparent
49,9999,catholic-blogs,https://www.patheos.com/blogs/lisaduffy
50,9999,catholic-blogs,https://www.patheos.com/blogs/lostinaoneacrewood
51,9999,catholic-blogs,https://www.patheos.com/blogs/markshea
52,9999,catholic-blogs,https://www.patheos.com/blogs/mcnamarasblog
53,9999,catholic-blogs,https://www.patheos.com/blogs/orthodoxyincommunionwithrome
54,9999,catholic-blogs,https://www.patheos.com/blogs/peaceandpekoe
55,9999,catholic-blogs,https://www.patheos.com/blogs/perchanceperpetuity
56,9999,catholic-blogs,https://www.patheos.com/blogs/piadesolenni
57,9999,catholic-blogs,https://www.patheos.com/blogs/popfeminist
58,9999,catholic-blogs,https://www.patheos.com/blogs/propernomenclature
59,9999,catholic-blogs,https://www.patheos.com/blogs/publiccatholic
60,9999,catholic-blogs,https://www.patheos.com/blogs/samrocha
61,9999,catholic-blogs,https://www.patheos.com/blogs/scottericalt
62,9999,catholic-blogs,https://www.patheos.com/blogs/sickpilgrim
63,9999,catholic-blogs,https://www.patheos.com/blogs/standingonmyhead
64,9999,catholic-blogs,https://www.patheos.com/blogs/steelmagnificat
65,9999,catholic-blogs,https://www.patheos.com/blogs/stevethemissionary
66,9999,catholic-blogs,https://www.patheos.com/blogs/suspendedinherjar
67,9999,catholic-blogs,https://www.patheos.com/blogs/synapsesofthesoul
68,9999,catholic-blogs,https://www.patheos.com/blogs/thecatholicworkingmother
69,9999,catholic-blogs,https://www.patheos.com/blogs/thedorothyoption
70,9999,catholic-blogs,https://www.patheos.com/blogs/thefont
71,9999,catholic-blogs,https://www.patheos.com/blogs/theglobalcatholicreview
72,9999,catholic-blogs,https://www.patheos.com/blogs/theinnerroom
73,9999,catholic-blogs,https://www.patheos.com/blogs/theliterarypapist
74,9999,catholic-blogs,https://www.patheos.com/blogs/themackerelsnapper
75,9999,catholic-blogs,https://www.patheos.com/blogs/themillennialcrusader
76,9999,catholic-blogs,https://www.patheos.com/blogs/theruleandtheraven
77,9999,catholic-blogs,https://www.patheos.com/blogs/theshoelessbanshee
78,9999,catholic-blogs,https://www.patheos.com/blogs/throughbrokenroses
79,9999,catholic-blogs,https://www.patheos.com/blogs/throughcatholiclenses
80,9999,catholic-blogs,https://www.patheos.com/blogs/twentyfiveandcatholic
81,9999,catholic-blogs,https://www.patheos.com/blogs/unequallyyoked
82,9999,catholic-blogs,https://www.patheos.com/blogs/voxnova
83,9999,catholic-blogs,https://www.patheos.com/blogs/waystationinthewilderness
84,9999,catholic-blogs,https://www.patheos.com/blogs/withtheatheistsinthefoxholes
85,9999,contemplative-blogs,
86,9999,contemplative-blogs,http://www.patheos.com/blogs/lorrainekisly
87,9999,contemplative-blogs,http://www.patheos.com/blogs/ordinarymystic
88,9999,contemplative-blogs,https://www.patheos.com/blogs/carlmccolman
89,9999,contemplative-blogs,https://www.patheos.com/blogs/holyscapes
90,9999,contemplative-blogs,https://www.patheos.com/blogs/lochkelly
91,9999,contemplative-blogs,https://www.patheos.com/blogs/mindfulchristianitytoday
92,9999,contemplative-blogs,https://www.patheos.com/blogs/strategicmonk
93,9999,contemplative-blogs,https://www.patheos.com/blogs/voicesinthestillness
94,9999,entertainment-blogs,https://www.patheos.com/blogs/backstagepass
95,9999,entertainment-blogs,https://www.patheos.com/blogs/chrisicisms
96,9999,entertainment-blogs,https://www.patheos.com/blogs/cinemeditations
97,9999,entertainment-blogs,https://www.patheos.com/blogs/dochollywood
98,9999,entertainment-blogs,https://www.patheos.com/blogs/filmchat
99,9999,entertainment-blogs,https://www.patheos.com/blogs/geekgoesrogue
100,9999,entertainment-blogs,https://www.patheos.com/blogs/noprizefromgod
101,9999,entertainment-blogs,https://www.patheos.com/blogs/reelfaith
102,9999,entertainment-blogs,https://www.patheos.com/blogs/schaeffersghost
103,9999,entertainment-blogs,https://www.patheos.com/blogs/sisterrosemovies
104,9999,entertainment-blogs,https://www.patheos.com/blogs/takeandread
105,9999,entertainment-blogs,https://www.patheos.com/blogs/watchinggod
106,9999,evangelical-blogs,http://www.patheos.com/blogs/anabaptistrevisions
107,9999,evangelical-blogs,http://www.patheos.com/blogs/daniellekingstrom
108,9999,evangelical-blogs,http://www.patheos.com/blogs/rhemedia
109,9999,evangelical-blogs,http://www.patheos.com/blogs/soapboxredemption
110,9999,evangelical-blogs,https://www.patheos.com/blogs/adrianwarnock
111,9999,evangelical-blogs,https://www.patheos.com/blogs/andrewfarley
112,9999,evangelical-blogs,https://www.patheos.com/blogs/anxiousbench
113,9999,evangelical-blogs,https://www.patheos.com/blogs/awc
114,9999,evangelical-blogs,https://www.patheos.com/blogs/betweentwokingdoms
115,9999,evangelical-blogs,https://www.patheos.com/blogs/bibleandculture
116,9999,evangelical-blogs,https://www.patheos.com/blogs/biblenewsradio
117,9999,evangelical-blogs,https://www.patheos.com/blogs/blackwhiteandgray
118,9999,evangelical-blogs,https://www.patheos.com/blogs/brandondsmith
119,9999,evangelical-blogs,https://www.patheos.com/blogs/chorusinthechaos
120,9999,evangelical-blogs,https://www.patheos.com/blogs/christiancrier
121,9999,evangelical-blogs,https://www.patheos.com/blogs/churchformen
122,9999,evangelical-blogs,https://www.patheos.com/blogs/courageforlife
123,9999,evangelical-blogs,https://www.patheos.com/blogs/davidrupert
124,9999,evangelical-blogs,https://www.patheos.com/blogs/digitalwisdom
125,9999,evangelical-blogs,https://www.patheos.com/blogs/drlaurelshaler
126,9999,evangelical-blogs,https://www.patheos.com/blogs/e2medianetwork
127,9999,evangelical-blogs,https://www.patheos.com/blogs/eastmeetswestsocialworker
128,9999,evangelical-blogs,https://www.patheos.com/blogs/eidos
129,9999,evangelical-blogs,https://www.patheos.com/blogs/euangelion
130,9999,evangelical-blogs,https://www.patheos.com/blogs/evangelicalpulpit
131,9999,evangelical-blogs,https://www.patheos.com/blogs/everydayethics
132,9999,evangelical-blogs,https://www.patheos.com/blogs/faithandfinance
133,9999,evangelical-blogs,https://www.patheos.com/blogs/faithchelsen
134,9999,evangelical-blogs,https://www.patheos.com/blogs/faithwalkers
135,9999,evangelical-blogs,https://www.patheos.com/blogs/felixculpa
136,9999,evangelical-blogs,https://www.patheos.com/blogs/fourfaces
137,9999,evangelical-blogs,https://www.patheos.com/blogs/frankviola
138,9999,evangelical-blogs,https://www.patheos.com/blogs/fuller
139,9999,evangelical-blogs,https://www.patheos.com/blogs/geneveith
140,9999,evangelical-blogs,https://www.patheos.com/blogs/giveusthisday
141,9999,evangelical-blogs,https://www.patheos.com/blogs/gloryseed
142,9999,evangelical-blogs,https://www.patheos.com/blogs/gospelforasia
143,9999,evangelical-blogs,https://www.patheos.com/blogs/hawkeye
144,9999,evangelical-blogs,https://www.patheos.com/blogs/hispanicevangelicalsandthelambsagenda
145,9999,evangelical-blogs,https://www.patheos.com/blogs/holywrit
146,9999,evangelical-blogs,https://www.patheos.com/blogs/imagochristi
147,9999,evangelical-blogs,https://www.patheos.com/blogs/jacksonwu
148,9999,evangelical-blogs,https://www.patheos.com/blogs/jaredingle
149,9999,evangelical-blogs,https://www.patheos.com/blogs/jesuscreed
150,9999,evangelical-blogs,https://www.patheos.com/blogs/jimerwin
151,9999,evangelical-blogs,https://www.patheos.com/blogs/jonathanstorment
152,9999,evangelical-blogs,https://www.patheos.com/blogs/justandsinner
153,9999,evangelical-blogs,https://www.patheos.com/blogs/kpyohannan
154,9999,evangelical-blogs,https://www.patheos.com/blogs/leithart
155,9999,evangelical-blogs,https://www.patheos.com/blogs/loveisanorientation
156,9999,evangelical-blogs,https://www.patheos.com/blogs/markdriscoll
157,9999,evangelical-blogs,https://www.patheos.com/blogs/markdroberts
158,9999,evangelical-blogs,https://www.patheos.com/blogs/merebreath
159,9999,evangelical-blogs,https://www.patheos.com/blogs/mtvpastor
160,9999,evangelical-blogs,https://www.patheos.com/blogs/narrativeandnuance
161,9999,evangelical-blogs,https://www.patheos.com/blogs/newwineskins
162,9999,evangelical-blogs,https://www.patheos.com/blogs/northamptonseminar
163,9999,evangelical-blogs,https://www.patheos.com/blogs/onedegreetoanother
164,9999,evangelical-blogs,https://www.patheos.com/blogs/philosophicalfragments
165,9999,evangelical-blogs,https://www.patheos.com/blogs/pilgrimsroadtrip
166,9999,evangelical-blogs,https://www.patheos.com/blogs/ponderanew
167,9999,evangelical-blogs,https://www.patheos.com/blogs/popculturecoramdeo
168,9999,evangelical-blogs,https://www.patheos.com/blogs/preventingrace
169,9999,evangelical-blogs,https://www.patheos.com/blogs/protestprotest
170,9999,evangelical-blogs,https://www.patheos.com/blogs/randyalcorn
171,9999,evangelical-blogs,https://www.patheos.com/blogs/rebeccaflorencemiller
172,9999,evangelical-blogs,https://www.patheos.com/blogs/rogereolson
173,9999,evangelical-blogs,https://www.patheos.com/blogs/shatteringparadigms
174,9999,evangelical-blogs,https://www.patheos.com/blogs/thechristianrevolution
175,9999,evangelical-blogs,https://www.patheos.com/blogs/thegreatdivide
176,9999,evangelical-blogs,https://www.patheos.com/blogs/theliturgicaltheologian
177,9999,evangelical-blogs,https://www.patheos.com/blogs/theroadhome
178,9999,evangelical-blogs,https://www.patheos.com/blogs/thetoolshed
179,9999,evangelical-blogs,https://www.patheos.com/blogs/thoughtlife
180,9999,evangelical-blogs,https://www.patheos.com/blogs/timtogetright
181,9999,evangelical-blogs,https://www.patheos.com/blogs/tomhobson
182,9999,evangelical-blogs,https://www.patheos.com/blogs/transcendentalish
183,9999,evangelical-blogs,https://www.patheos.com/blogs/troublerofisrael
184,9999,evangelical-blogs,https://www.patheos.com/blogs/uncommongodcommongood
185,9999,evangelical-blogs,https://www.patheos.com/blogs/youngfogey
186,9999,faith-and-work-blogs,https://www.patheos.com/blogs/centered
187,9999,faith-and-work-blogs,https://www.patheos.com/blogs/chartingchurchleadership
188,9999,faith-and-work-blogs,https://www.patheos.com/blogs/marketplacefaith
189,9999,faith-and-work-blogs,https://www.patheos.com/blogs/missionwork
190,9999,faith-and-work-blogs,https://www.patheos.com/blogs/oikonomia
191,9999,faith-and-work-blogs,https://www.patheos.com/blogs/pickledpencil
192,9999,faith-and-work-blogs,https://www.patheos.com/blogs/professionoffaith
193,9999,faith-and-work-blogs,https://www.patheos.com/blogs/purposeinleadership
194,9999,faith-and-work-blogs,https://www.patheos.com/blogs/reintegrate
195,9999,faith-and-work-blogs,https://www.patheos.com/blogs/shrinkingcamel
196,9999,faith-and-work-blogs,https://www.patheos.com/blogs/thehighcalling
197,9999,faith-and-work-blogs,https://www.patheos.com/blogs/visions-of-vocation
198,9999,faith-and-work-blogs,https://www.patheos.com/blogs/workcited
199,9999,faith-and-work-blogs,https://www.patheos.com/blogs/workingcatholic
200,9999,faith-and-work-blogs,https://www.patheos.com/blogs/workmessages
201,9999,general-christian-blogs,http://www.patheos.com/blogs/christiansingeneral
202,9999,general-christian-blogs,http://www.patheos.com/blogs/cultivatingglory
203,9999,general-christian-blogs,http://www.patheos.com/blogs/walkandword
204,9999,general-christian-blogs,http://www.patheos.com/blogs/zhoag/
205,9999,general-christian-blogs,https://www.patheos.com/blogs/alwaysand
206,9999,general-christian-blogs,https://www.patheos.com/blogs/coloringoutsidethelines
207,9999,general-christian-blogs,https://www.patheos.com/blogs/doxologyproject
208,9999,general-christian-blogs,https://www.patheos.com/blogs/drybones
209,9999,general-christian-blogs,https://www.patheos.com/blogs/everythingbecoming
210,9999,general-christian-blogs,https://www.patheos.com/blogs/joepuentes
211,9999,general-christian-blogs,https://www.patheos.com/blogs/merechrisianity
212,9999,general-christian-blogs,https://www.patheos.com/blogs/oldthingsnew
213,9999,general-christian-blogs,https://www.patheos.com/blogs/spiritualdirection101
214,9999,general-christian-blogs,https://www.patheos.com/blogs/thefluencyofhope
215,9999,general-christian-blogs,https://www.patheos.com/blogs/theporch
216,9999,general-christian-blogs,https://www.patheos.com/blogs/thiskindacontemplativelife
217,9999,hindu-blogs,https://www.patheos.com/blogs/hindu2
218,9999,hindu-blogs,https://www.patheos.com/blogs/samudra
219,9999,hindu-blogs,https://www.patheos.com/blogs/seekingshanti
220,9999,hindu-blogs,https://www.patheos.com/blogs/whitehindu
221,9999,jewish-blogs,https://www.patheos.com/blogs/everythingoldisnewagain
222,9999,jewish-blogs,https://www.patheos.com/blogs/jewishvoices
223,9999,jewish-blogs,https://www.patheos.com/blogs/opentablejudaism
224,9999,jewish-blogs,https://www.patheos.com/blogs/seventyfacesoftorah
225,9999,jewish-blogs,https://www.patheos.com/blogs/wheelsfaith
226,9999,jewish-blogs,https://www.patheos.com/blogs/writingfromtheedge
227,9999,latter-day-saint-blogs,http://www.patheos.com/blogs/postsofgreatprice
228,9999,latter-day-saint-blogs,https://www.patheos.com/blogs/aestheism
229,9999,latter-day-saint-blogs,https://www.patheos.com/blogs/benjaminthescribe
230,9999,latter-day-saint-blogs,https://www.patheos.com/blogs/blairvandyke
231,9999,latter-day-saint-blogs,https://www.patheos.com/blogs/christopherdcunningham
232,9999,latter-day-saint-blogs,https://www.patheos.com/blogs/danpeterson
233,9999,latter-day-saint-blogs,https://www.patheos.com/blogs/delisahargrove
234,9999,latter-day-saint-blogs,https://www.patheos.com/blogs/faithpromotingrumor
235,9999,latter-day-saint-blogs,https://www.patheos.com/blogs/homewaters
236,9999,latter-day-saint-blogs,https://www.patheos.com/blogs/kiwimormon
237,9999,latter-day-saint-blogs,https://www.patheos.com/blogs/mormontherapist
238,9999,latter-day-saint-blogs,https://www.patheos.com/blogs/peculiarpeople
239,9999,latter-day-saint-blogs,https://www.patheos.com/blogs/scatteringsunshine
240,9999,latter-day-saint-blogs,https://www.patheos.com/blogs/soulandcity
241,9999,latter-day-saint-blogs,https://www.patheos.com/blogs/themormonpolitico
242,9999,latter-day-saint-blogs,https://www.patheos.com/blogs/welcometable
243,9999,latter-day-saint-blogs,https://www.patheos.com/blogs/yearofpolygamy
244,9999,more-voices-blogs,https://www.patheos.com/blogs/carlgregg
245,9999,more-voices-blogs,https://www.patheos.com/blogs/mysticpost
246,9999,more-voices-blogs,https://www.patheos.com/blogs/religioustolerance
247,9999,muslim-blogs,http://www.patheos.com/blogs/allmuslim
248,9999,muslim-blogs,http://www.patheos.com/blogs/emansplaining
249,9999,muslim-blogs,https://www.patheos.com/blogs/akramsrazor
250,9999,muslim-blogs,https://www.patheos.com/blogs/almihrab
251,9999,muslim-blogs,https://www.patheos.com/blogs/altmuslim
252,9999,muslim-blogs,https://www.patheos.com/blogs/askamuslim
253,9999,muslim-blogs,https://www.patheos.com/blogs/azizpoonawalla
254,9999,muslim-blogs,https://www.patheos.com/blogs/fortheloveofgod
255,9999,muslim-blogs,https://www.patheos.com/blogs/growmama
256,9999,muslim-blogs,https://www.patheos.com/blogs/heartfelt
257,9999,muslim-blogs,https://www.patheos.com/blogs/hijabihandshaker
258,9999,muslim-blogs,https://www.patheos.com/blogs/hindtrospectives
259,9999,muslim-blogs,https://www.patheos.com/blogs/islamahmadiyya
260,9999,muslim-blogs,https://www.patheos.com/blogs/livingtradition
261,9999,muslim-blogs,https://www.patheos.com/blogs/loveinshallah
262,9999,muslim-blogs,https://www.patheos.com/blogs/mmw
263,9999,muslim-blogs,https://www.patheos.com/blogs/mostlymuslim
264,9999,muslim-blogs,https://www.patheos.com/blogs/muslimagorist
265,9999,muslim-blogs,https://www.patheos.com/blogs/muslimahinprogress
266,9999,muslim-blogs,https://www.patheos.com/blogs/muslimahnextdoor
267,9999,muslim-blogs,https://www.patheos.com/blogs/muslimalchemy
268,9999,muslim-blogs,https://www.patheos.com/blogs/muslimnlove
269,9999,muslim-blogs,https://www.patheos.com/blogs/muslimsforasafeamerica
270,9999,muslim-blogs,https://www.patheos.com/blogs/myislamiclife
271,9999,muslim-blogs,https://www.patheos.com/blogs/nbamuslims
272,9999,muslim-blogs,https://www.patheos.com/blogs/oneummahmanyvoices
273,9999,muslim-blogs,https://www.patheos.com/blogs/personalislam
274,9999,muslim-blogs,https://www.patheos.com/blogs/quranalyzeit
275,9999,muslim-blogs,https://www.patheos.com/blogs/rationalsufi
276,9999,muslim-blogs,https://www.patheos.com/blogs/sabrshukr
277,9999,muslim-blogs,https://www.patheos.com/blogs/splitthemoon
278,9999,muslim-blogs,https://www.patheos.com/blogs/themuslimhippie
279,9999,muslim-blogs,https://www.patheos.com/blogs/themuslimmonad
280,9999,muslim-blogs,https://www.patheos.com/blogs/truthtopower
281,9999,new-visions-blogs,http://www.patheos.com/blogs/holyscapes
282,9999,new-visions-blogs,http://www.patheos.com/blogs/lochkelly
283,9999,new-visions-blogs,http://www.patheos.com/blogs/mysticpost
284,9999,new-visions-blogs,http://www.patheos.com/blogs/strategicmonk
285,9999,new-visions-blogs,https://www.patheos.com/blogs/aboveandbeyondthe5senses
286,9999,new-visions-blogs,https://www.patheos.com/blogs/ahappymedium
287,9999,new-visions-blogs,https://www.patheos.com/blogs/astrology
288,9999,new-visions-blogs,https://www.patheos.com/blogs/companionsonthejourney
289,9999,new-visions-blogs,https://www.patheos.com/blogs/debraengleeverydaymiracles
290,9999,new-visions-blogs,https://www.patheos.com/blogs/essenceoftheone
291,9999,new-visions-blogs,https://www.patheos.com/blogs/evolutionarypower
292,9999,new-visions-blogs,https://www.patheos.com/blogs/exploringtheprayerfield
293,9999,new-visions-blogs,https://www.patheos.com/blogs/fieldnotesonliving
294,9999,new-visions-blogs,https://www.patheos.com/blogs/heavenlycreatures
295,9999,new-visions-blogs,https://www.patheos.com/blogs/holyrover
296,9999,new-visions-blogs,https://www.patheos.com/blogs/ilchilee
297,9999,new-visions-blogs,https://www.patheos.com/blogs/interspirituality
298,9999,new-visions-blogs,https://www.patheos.com/blogs/justaskjay
299,9999,new-visions-blogs,https://www.patheos.com/blogs/justonething
300,9999,new-visions-blogs,https://www.patheos.com/blogs/karuna
301,9999,new-visions-blogs,https://www.patheos.com/blogs/luminousliving
302,9999,new-visions-blogs,https://www.patheos.com/blogs/mollywingate
303,9999,new-visions-blogs,https://www.patheos.com/blogs/pitstopforthespirituallybamboozled
304,9999,new-visions-blogs,https://www.patheos.com/blogs/projectawaken
305,9999,new-visions-blogs,https://www.patheos.com/blogs/revealingyourluminessence
306,9999,new-visions-blogs,https://www.patheos.com/blogs/sarahoverthemoon
307,9999,new-visions-blogs,https://www.patheos.com/blogs/soulandspirit
308,9999,new-visions-blogs,https://www.patheos.com/blogs/spiritualityandconsciousness
309,9999,new-visions-blogs,https://www.patheos.com/blogs/spiritualitychannelseries
310,9999,new-visions-blogs,https://www.patheos.com/blogs/spiritualnaturalist
311,9999,new-visions-blogs,https://www.patheos.com/blogs/thedivinefeminine
312,9999,new-visions-blogs,https://www.patheos.com/blogs/wakeupcall
313,9999,new-visions-blogs,https://www.patheos.com/blogs/wendymurray
314,9999,new-visions-blogs,https://www.patheos.com/blogs/yourwisebrain
315,9999,nonreligious-blogs,http://friendlyatheist.patheos.com
316,9999,nonreligious-blogs,https://www.patheos.com/blogs/abletochoose
317,9999,nonreligious-blogs,https://www.patheos.com/blogs/accordingtomatthew
318,9999,nonreligious-blogs,https://www.patheos.com/blogs/anotherbreedoffaith
319,9999,nonreligious-blogs,https://www.patheos.com/blogs/anotherwhiteatheistincolombia
320,9999,nonreligious-blogs,https://www.patheos.com/blogs/atheology
321,9999,nonreligious-blogs,https://www.patheos.com/blogs/barrierbreaker
322,9999,nonreligious-blogs,https://www.patheos.com/blogs/blamelesssky
323,9999,nonreligious-blogs,https://www.patheos.com/blogs/blinkyandsal
324,9999,nonreligious-blogs,https://www.patheos.com/blogs/brotherrichard
325,9999,nonreligious-blogs,https://www.patheos.com/blogs/camelswithhammers
326,9999,nonreligious-blogs,https://www.patheos.com/blogs/cognitivedemons
327,9999,nonreligious-blogs,https://www.patheos.com/blogs/crossexamined
328,9999,nonreligious-blogs,https://www.patheos.com/blogs/daylightatheism
329,9999,nonreligious-blogs,https://www.patheos.com/blogs/dispatches
330,9999,nonreligious-blogs,https://www.patheos.com/blogs/dogmadebate
331,9999,nonreligious-blogs,https://www.patheos.com/blogs/driventoabstraction
332,9999,nonreligious-blogs,https://www.patheos.com/blogs/excommunications
333,9999,nonreligious-blogs,https://www.patheos.com/blogs/foxyfolklorist
334,9999,nonreligious-blogs,https://www.patheos.com/blogs/freethoughtnow
335,9999,nonreligious-blogs,https://www.patheos.com/blogs/fridaynightheretics
336,9999,nonreligious-blogs,https://www.patheos.com/blogs/godlessindixie
337,9999,nonreligious-blogs,https://www.patheos.com/blogs/godlessmom
338,9999,nonreligious-blogs,https://www.patheos.com/blogs/godzooks
339,9999,nonreligious-blogs,https://www.patheos.com/blogs/gregepstein
340,9999,nonreligious-blogs,https://www.patheos.com/blogs/humanistplus
341,9999,nonreligious-blogs,https://www.patheos.com/blogs/infernal
342,9999,nonreligious-blogs,https://www.patheos.com/blogs/intentionalinsights
343,9999,nonreligious-blogs,https://www.patheos.com/blogs/kudzu
344,9999,nonreligious-blogs,https://www.patheos.com/blogs/laughingindisbelief
345,9999,nonreligious-blogs,https://www.patheos.com/blogs/leavingfundamentalism
346,9999,nonreligious-blogs,https://www.patheos.com/blogs/lovejoyfeminism
347,9999,nonreligious-blogs,https://www.patheos.com/blogs/marginoferr
348,9999,nonreligious-blogs,https://www.patheos.com/blogs/miraclegirl
349,9999,nonreligious-blogs,https://www.patheos.com/blogs/naturalwonderers
350,9999,nonreligious-blogs,https://www.patheos.com/blogs/nogodblog
351,9999,nonreligious-blogs,https://www.patheos.com/blogs/nolongerquivering
352,9999,nonreligious-blogs,https://www.patheos.com/blogs/nosacredcows
353,9999,nonreligious-blogs,https://www.patheos.com/blogs/progressivesecularhumanist
354,9999,nonreligious-blogs,https://www.patheos.com/blogs/raindevil
355,9999,nonreligious-blogs,https://www.patheos.com/blogs/rationaldoubt
356,9999,nonreligious-blogs,https://www.patheos.com/blogs/reasonadvocates
357,9999,nonreligious-blogs,https://www.patheos.com/blogs/removingthefigleaf
358,9999,nonreligious-blogs,https://www.patheos.com/blogs/rivers
359,9999,nonreligious-blogs,https://www.patheos.com/blogs/rolltodisbelieve
360,9999,nonreligious-blogs,https://www.patheos.com/blogs/sacrednaturalism
361,9999,nonreligious-blogs,https://www.patheos.com/blogs/secularcinephile
362,9999,nonreligious-blogs,https://www.patheos.com/blogs/secularoutpost
363,9999,nonreligious-blogs,https://www.patheos.com/blogs/secularspectrum
364,9999,nonreligious-blogs,https://www.patheos.com/blogs/secularvoices
365,9999,nonreligious-blogs,https://www.patheos.com/blogs/singod
366,9999,nonreligious-blogs,https://www.patheos.com/blogs/templeofthefuture
367,9999,nonreligious-blogs,https://www.patheos.com/blogs/theatheistandthepastor
368,9999,nonreligious-blogs,https://www.patheos.com/blogs/theatheistrabbi
369,9999,nonreligious-blogs,https://www.patheos.com/blogs/thefreethinker
370,9999,nonreligious-blogs,https://www.patheos.com/blogs/thegaytheistmanifesto
371,9999,nonreligious-blogs,https://www.patheos.com/blogs/thegraffitiwall
372,9999,nonreligious-blogs,https://www.patheos.com/blogs/theluckyones
373,9999,nonreligious-blogs,https://www.patheos.com/blogs/thinkingrationally
374,9999,nonreligious-blogs,https://www.patheos.com/blogs/tippling
375,9999,nonreligious-blogs,https://www.patheos.com/blogs/tokenskeptic
376,9999,nonreligious-blogs,https://www.patheos.com/blogs/transparentexpedition
377,9999,nonreligious-blogs,https://www.patheos.com/blogs/withoutacrystalball
378,9999,nonreligious-blogs,https://www.patheos.com/blogs/wwjtd
379,9999,pagan-blogs,https://www.patheos.com/blogs/adamantinemuse
380,9999,pagan-blogs,https://www.patheos.com/blogs/agora
381,9999,pagan-blogs,https://www.patheos.com/blogs/aidankelly
382,9999,pagan-blogs,https://www.patheos.com/blogs/askangus
383,9999,pagan-blogs,https://www.patheos.com/blogs/awaywiththewitch
384,9999,pagan-blogs,https://www.patheos.com/blogs/beneaththemoon
385,9999,pagan-blogs,https://www.patheos.com/blogs/betweentheshadows
386,9999,pagan-blogs,https://www.patheos.com/blogs/byathameandstang
387,9999,pagan-blogs,https://www.patheos.com/blogs/bythepalemoonlight
388,9999,pagan-blogs,https://www.patheos.com/blogs/cartomancer
389,9999,pagan-blogs,https://www.patheos.com/blogs/chargedbythegoddess
390,9999,pagan-blogs,https://www.patheos.com/blogs/dandelionlady
391,9999,pagan-blogs,https://www.patheos.com/blogs/dirtheartwitch
392,9999,pagan-blogs,https://www.patheos.com/blogs/doubletoilandresist
393,9999,pagan-blogs,https://www.patheos.com/blogs/fromacommonwell
394,9999,pagan-blogs,https://www.patheos.com/blogs/gatewaygoddess
395,9999,pagan-blogs,https://www.patheos.com/blogs/hawthorneandtherose
396,9999,pagan-blogs,https://www.patheos.com/blogs/hearthwitchdownunder
397,9999,pagan-blogs,https://www.patheos.com/blogs/heathenatheart
398,9999,pagan-blogs,https://www.patheos.com/blogs/johnbeckett
399,9999,pagan-blogs,https://www.patheos.com/blogs/kacealexander
400,9999,pagan-blogs,https://www.patheos.com/blogs/keepingherkeys
401,9999,pagan-blogs,https://www.patheos.com/blogs/lasarafirefoxallen
402,9999,pagan-blogs,https://www.patheos.com/blogs/matauryn
403,9999,pagan-blogs,https://www.patheos.com/blogs/mishamagdalene
404,9999,pagan-blogs,https://www.patheos.com/blogs/naturessacredjourney
405,9999,pagan-blogs,https://www.patheos.com/blogs/oakandolive
406,9999,pagan-blogs,https://www.patheos.com/blogs/oathbound
407,9999,pagan-blogs,https://www.patheos.com/blogs/paganinparadise
408,9999,pagan-blogs,https://www.patheos.com/blogs/pagantama
409,9999,pagan-blogs,https://www.patheos.com/blogs/panmankey
410,9999,pagan-blogs,https://www.patheos.com/blogs/poisonersapothecary
411,9999,pagan-blogs,https://www.patheos.com/blogs/quillofthegoddess
412,9999,pagan-blogs,https://www.patheos.com/blogs/sadovskypluto
413,9999,pagan-blogs,https://www.patheos.com/blogs/starandsnake
414,9999,pagan-blogs,https://www.patheos.com/blogs/starlight
415,9999,pagan-blogs,https://www.patheos.com/blogs/teaaddictedwitch
416,9999,pagan-blogs,https://www.patheos.com/blogs/tempest
417,9999,pagan-blogs,https://www.patheos.com/blogs/theashgrove
418,9999,pagan-blogs,https://www.patheos.com/blogs/thefairytalewitch
419,9999,pagan-blogs,https://www.patheos.com/blogs/theothersideofthehedge
420,9999,pagan-blogs,https://www.patheos.com/blogs/thewanderingwitch
421,9999,pagan-blogs,https://www.patheos.com/blogs/thewitchesnextdoor
422,9999,pagan-blogs,https://www.patheos.com/blogs/thezenpagan
423,9999,pagan-blogs,https://www.patheos.com/blogs/throughthegrapevine
424,9999,pagan-blogs,https://www.patheos.com/blogs/translatingworlds
425,9999,pagan-blogs,https://www.patheos.com/blogs/viviannecrowley
426,9999,pagan-blogs,https://www.patheos.com/blogs/voodoouniverse
427,9999,pagan-blogs,https://www.patheos.com/blogs/waterwitch
428,9999,pagan-blogs,https://www.patheos.com/blogs/witchesandwine
429,9999,pagan-blogs,https://www.patheos.com/blogs/witchindeed
430,9999,pagan-blogs,https://www.patheos.com/blogs/witchofthewoodwithravenwood
431,9999,pagan-blogs,https://www.patheos.com/blogs/witchonfire
432,9999,patheos-partner-blogs,http://www.patheos.com/blogs/rhemedia
433,9999,patheos-partner-blogs,https://www.patheos.com/blogs/hispanicevangelicalsandthelambsagenda
434,9999,politics-blue-blogs,https://www.patheos.com/blogs/faithfuldemocrats
435,9999,politics-blue-blogs,https://www.patheos.com/blogs/politicsblue
436,9999,politics-blue-blogs,https://www.patheos.com/blogs/shanephipps
437,9999,politics-red-blogs,https://www.patheos.com/blogs/accesspolitics
438,9999,politics-red-blogs,https://www.patheos.com/blogs/alexparker
439,9999,politics-red-blogs,https://www.patheos.com/blogs/bristolpalin
440,9999,politics-red-blogs,https://www.patheos.com/blogs/conventionofstates
441,9999,politics-red-blogs,https://www.patheos.com/blogs/erickaandersen
442,9999,politics-red-blogs,https://www.patheos.com/blogs/frenchrevolution
443,9999,politics-red-blogs,https://www.patheos.com/blogs/kemberleekaye
444,9999,politics-red-blogs,https://www.patheos.com/blogs/markmeckler
445,9999,politics-red-blogs,https://www.patheos.com/blogs/michaelfarris
446,9999,politics-red-blogs,https://www.patheos.com/blogs/susanwright
447,9999,progressive-christian-blogs,http://www.patheos.com/blogs/daniellekingstrom
448,9999,progressive-christian-blogs,http://www.patheos.com/blogs/frustratedgrace
449,9999,progressive-christian-blogs,http://www.patheos.com/blogs/markvansteenwyk
450,9999,progressive-christian-blogs,http://www.patheos.com/blogs/socialjesus
451,9999,progressive-christian-blogs,http://www.patheos.com/blogs/spiritualitywithinaddictionandrecovery/
452,9999,progressive-christian-blogs,https://www.patheos.com/blogs/aconvergenceofthought
453,9999,progressive-christian-blogs,https://www.patheos.com/blogs/activisttheology
454,9999,progressive-christian-blogs,https://www.patheos.com/blogs/aliciacrosby
455,9999,progressive-christian-blogs,https://www.patheos.com/blogs/allsetfree
456,9999,progressive-christian-blogs,https://www.patheos.com/blogs/andygill
457,9999,progressive-christian-blogs,https://www.patheos.com/blogs/bethanyanderson
458,9999,progressive-christian-blogs,https://www.patheos.com/blogs/biblicallyliterate
459,9999,progressive-christian-blogs,https://www.patheos.com/blogs/biteintheapple
460,9999,progressive-christian-blogs,https://www.patheos.com/blogs/brianmclaren
461,9999,progressive-christian-blogs,https://www.patheos.com/blogs/browneyedamazon
462,9999,progressive-christian-blogs,https://www.patheos.com/blogs/carynriswold
463,9999,progressive-christian-blogs,https://www.patheos.com/blogs/cbf
464,9999,progressive-christian-blogs,https://www.patheos.com/blogs/christianityforthesbnr
465,9999,progressive-christian-blogs,https://www.patheos.com/blogs/christianityischanging
466,9999,progressive-christian-blogs,https://www.patheos.com/blogs/christianpiatt
467,9999,progressive-christian-blogs,https://www.patheos.com/blogs/clintschnekloth
468,9999,progressive-christian-blogs,https://www.patheos.com/blogs/comingoutchristian
469,9999,progressive-christian-blogs,https://www.patheos.com/blogs/danielpcoleman
470,9999,progressive-christian-blogs,https://www.patheos.com/blogs/davidhenson
471,9999,progressive-christian-blogs,https://www.patheos.com/blogs/divergence
472,9999,progressive-christian-blogs,https://www.patheos.com/blogs/ecopreacher
473,9999,progressive-christian-blogs,https://www.patheos.com/blogs/emergentvillage
474,9999,progressive-christian-blogs,https://www.patheos.com/blogs/emmahiggs
475,9999,progressive-christian-blogs,https://www.patheos.com/blogs/everydayblackmatters
476,9999,progressive-christian-blogs,https://www.patheos.com/blogs/faithforward
477,9999,progressive-christian-blogs,https://www.patheos.com/blogs/faithinpubliclife
478,9999,progressive-christian-blogs,https://www.patheos.com/blogs/faithonthefringe
479,9999,progressive-christian-blogs,https://www.patheos.com/blogs/faithshift
480,9999,progressive-christian-blogs,https://www.patheos.com/blogs/faithwithwisdom
481,9999,progressive-christian-blogs,https://www.patheos.com/blogs/femmevangelical
482,9999,progressive-christian-blogs,https://www.patheos.com/blogs/formerlyfundie
483,9999,progressive-christian-blogs,https://www.patheos.com/blogs/freedhearts
484,9999,progressive-christian-blogs,https://www.patheos.com/blogs/freelancechristianity
485,9999,progressive-christian-blogs,https://www.patheos.com/blogs/goodandtruth
486,9999,progressive-christian-blogs,https://www.patheos.com/blogs/greymatters
487,9999,progressive-christian-blogs,https://www.patheos.com/blogs/hellbound
488,9999,progressive-christian-blogs,https://www.patheos.com/blogs/hippieheretic
489,9999,progressive-christian-blogs,https://www.patheos.com/blogs/irreverin
490,9999,progressive-christian-blogs,https://www.patheos.com/blogs/jacoblupfer
491,9999,progressive-christian-blogs,https://www.patheos.com/blogs/jameswellman
492,9999,progressive-christian-blogs,https://www.patheos.com/blogs/jaysondbradley
493,9999,progressive-christian-blogs,https://www.patheos.com/blogs/jeffhood
494,9999,progressive-christian-blogs,https://www.patheos.com/blogs/jerseygirljesus
495,9999,progressive-christian-blogs,https://www.patheos.com/blogs/johnshore
496,9999,progressive-christian-blogs,https://www.patheos.com/blogs/jonathanwilsonhartgrove
497,9999,progressive-christian-blogs,https://www.patheos.com/blogs/kaitlinbcurtice
498,9999,progressive-christian-blogs,https://www.patheos.com/blogs/keithgiles
499,9999,progressive-christian-blogs,https://www.patheos.com/blogs/kermitzarleyblog
500,9999,progressive-christian-blogs,https://www.patheos.com/blogs/kimberlystover
501,9999,progressive-christian-blogs,https://www.patheos.com/blogs/livingaholyadventure
502,9999,progressive-christian-blogs,https://www.patheos.com/blogs/mariadixonhall
503,9999,progressive-christian-blogs,https://www.patheos.com/blogs/marilynmcentyre
504,9999,progressive-christian-blogs,https://www.patheos.com/blogs/mercynotsacrifice
505,9999,progressive-christian-blogs,https://www.patheos.com/blogs/modernkinship
506,9999,progressive-christian-blogs,https://www.patheos.com/blogs/nadiabolzweber
507,9999,progressive-christian-blogs,https://www.patheos.com/blogs/onscripture
508,9999,progressive-christian-blogs,https://www.patheos.com/blogs/paperbacktheology
509,9999,progressive-christian-blogs,https://www.patheos.com/blogs/philfoxrose
510,9999,progressive-christian-blogs,https://www.patheos.com/blogs/progressiveamerican
511,9999,progressive-christian-blogs,https://www.patheos.com/blogs/progressiveyouthministry
512,9999,progressive-christian-blogs,https://www.patheos.com/blogs/raceandgrace
513,9999,progressive-christian-blogs,https://www.patheos.com/blogs/radicalchristianmillennial
514,9999,progressive-christian-blogs,https://www.patheos.com/blogs/rebariley
515,9999,progressive-christian-blogs,https://www.patheos.com/blogs/refocusingmyfamily
516,9999,progressive-christian-blogs,https://www.patheos.com/blogs/religionprof
517,9999,progressive-christian-blogs,https://www.patheos.com/blogs/revangelical
518,9999,progressive-christian-blogs,https://www.patheos.com/blogs/rhetoricraceandreligion
519,9999,progressive-christian-blogs,https://www.patheos.com/blogs/rogerwolsey
520,9999,progressive-christian-blogs,https://www.patheos.com/blogs/sarahthebarge
521,9999,progressive-christian-blogs,https://www.patheos.com/blogs/shalominthecity
522,9999,progressive-christian-blogs,https://www.patheos.com/blogs/slacktivist
523,9999,progressive-christian-blogs,https://www.patheos.com/blogs/slowchurch
524,9999,progressive-christian-blogs,https://www.patheos.com/blogs/soapboxredemption
525,9999,progressive-christian-blogs,https://www.patheos.com/blogs/spiritchatter
526,9999,progressive-christian-blogs,https://www.patheos.com/blogs/spiritualitywithinaddictionandrecovery
527,9999,progressive-christian-blogs,https://www.patheos.com/blogs/storiedtheology
528,9999,progressive-christian-blogs,https://www.patheos.com/blogs/talkwiththepreacher
529,9999,progressive-christian-blogs,https://www.patheos.com/blogs/teachingnonviolentatonement
530,9999,progressive-christian-blogs,https://www.patheos.com/blogs/thenakedjesus
531,9999,progressive-christian-blogs,https://www.patheos.com/blogs/thepangeablog
532,9999,progressive-christian-blogs,https://www.patheos.com/blogs/theperipateticpreacher
533,9999,progressive-christian-blogs,https://www.patheos.com/blogs/thoughtfulpastor
534,9999,progressive-christian-blogs,https://www.patheos.com/blogs/todojustice
535,9999,progressive-christian-blogs,https://www.patheos.com/blogs/unfundamentalistchristians
536,9999,progressive-christian-blogs,https://www.patheos.com/blogs/unfundamentalistparenting
537,9999,progressive-christian-blogs,https://www.patheos.com/blogs/unsystematictheology
538,9999,progressive-christian-blogs,https://www.patheos.com/blogs/voicesofrawtools
539,9999,progressive-christian-blogs,https://www.patheos.com/blogs/whatgodwantsforyourlife
540,9999,progressive-christian-blogs,https://www.patheos.com/blogs/whiskeypreacher
541,9999,progressive-christian-blogs,https://www.patheos.com/blogs/whowechoosetobe
542,9999,progressive-christian-blogs,https://www.patheos.com/blogs/winnievarghese
543,9999,progressive-christian-blogs,https://www.patheos.com/blogs/zackhunt
544,9999,sixseeds-family-blogs,https://www.patheos.com/blogs/ashleywillis
545,9999,sixseeds-family-blogs,https://www.patheos.com/blogs/askshaunti
546,9999,sixseeds-family-blogs,https://www.patheos.com/blogs/bootcampaign
547,9999,sixseeds-family-blogs,https://www.patheos.com/blogs/clippityclip
548,9999,sixseeds-family-blogs,https://www.patheos.com/blogs/davewillis
549,9999,sixseeds-family-blogs,https://www.patheos.com/blogs/devonfranklin
550,9999,sixseeds-family-blogs,https://www.patheos.com/blogs/hearthandhome
551,9999,sixseeds-family-blogs,https://www.patheos.com/blogs/jenniferchronicles
552,9999,sixseeds-family-blogs,https://www.patheos.com/blogs/kelleymathews
553,9999,sixseeds-family-blogs,https://www.patheos.com/blogs/manlytrainingministries
554,9999,sixseeds-family-blogs,https://www.patheos.com/blogs/marriagetoday
555,9999,sixseeds-family-blogs,https://www.patheos.com/blogs/marriedandyoung
556,9999,sixseeds-family-blogs,https://www.patheos.com/blogs/notalonespecialneedsparenting
557,9999,sixseeds-family-blogs,https://www.patheos.com/blogs/notinggrace
558,9999,sixseeds-family-blogs,https://www.patheos.com/blogs/rolandwarren
559,9999,sixseeds-family-blogs,https://www.patheos.com/blogs/seanlowe
560,9999,sixseeds-family-blogs,https://www.patheos.com/blogs/sheilaqualls
561,9999,sixseeds-family-blogs,https://www.patheos.com/blogs/showhope
562,9999,sixseeds-family-blogs,https://www.patheos.com/blogs/someassemblyrequired
563,9999,sixseeds-family-blogs,https://www.patheos.com/blogs/terrygaspard
564,9999,sixseeds-family-blogs,https://www.patheos.com/blogs/theprivilegeofparenting
565,9999,sixseeds-family-blogs,https://www.patheos.com/blogs/timwright
566,9999,sixseeds-family-blogs,https://www.patheos.com/blogs/victoriousliving
