,col
0,https://www.patheos.com/blogs/americanbuddhist/2019/05/im-still-here.html
1,https://www.patheos.com/blogs/americanbuddhist/2019/03/spend-a-month-in-a-chinese-buddhist-monastery-this-summer-woodenfish-hbmlp-in-china.html
2,https://www.patheos.com/blogs/americanbuddhist/2019/02/pause-breathe-smile-awakening-mindfulness-when-meditation-is-not-enough-a-review.html
3,https://www.patheos.com/blogs/americanbuddhist/2019/02/buddhist-generosity-yokoji-zen-mountain-center-in-california-raises-over-5000-to-repair-storm-damage.html
4,https://www.patheos.com/blogs/americanbuddhist/2019/02/further-abuse-accusations-against-sakyong-mipham-head-of-shambhala-buddhism.html
5,https://www.patheos.com/blogs/americanbuddhist/2019/02/valentines-day-for-buddhists-a-warning.html
6,https://www.patheos.com/blogs/americanbuddhist/2019/02/progressive-buddhism-an-australian-buddhist-nun-speaks-on-tibetan-buddhism-patriarch-and-india.html
7,https://www.patheos.com/blogs/americanbuddhist/2019/02/petition-shambhala-buddhism-students-seek-to-split-from-authoritarian-structure.html
8,https://www.patheos.com/blogs/americanbuddhist/2019/02/does-this-comment-spark-joy.html
9,https://www.patheos.com/blogs/americanbuddhist/2019/01/anonymous-redditor-shares-troubling-experience-in-shambhala-buddhism.html
10,https://www.patheos.com/blogs/americanbuddhist/2019/01/a-wrap-up-of-2018-life-adventures-a-short-version.html
11,https://www.patheos.com/blogs/americanbuddhist/2018/12/buddhists-need-to-make-more-room-for-understanding-anger.html
12,https://www.patheos.com/blogs/americanbuddhist/2018/12/on-feudalism-in-tibet-and-chinese-use-of-the-scholarship-of-melvyn-goldstein.html
13,https://www.patheos.com/blogs/americanbuddhist/2018/12/bodhi-day-rohatsu-a-zen-buddhist-day-of-practice.html
14,https://www.patheos.com/blogs/americanbuddhist/2018/12/heroes-of-progressive-buddhism-sebene-selassie.html
15,https://www.patheos.com/blogs/americanbuddhist/2018/11/the-oldest-dateable-depiction-of-the-buddha-in-human-form-from-the-british-museum.html
16,https://www.patheos.com/blogs/americanbuddhist/2018/11/netizen-nastiness-compassionate-social-media-use-in-the-age-of-trump.html
17,https://www.patheos.com/blogs/americanbuddhist/2018/11/buddhist-economics-in-action-bhutan.html
18,https://www.patheos.com/blogs/americanbuddhist/2018/11/a-2-year-old-solves-the-trolley-problem-and-a-note-on-buddhist-ethics.html
19,https://www.patheos.com/blogs/americanbuddhist/2018/10/6-reasons-for-the-creation-of-himalayan-art-only-one-is-devotional.html
20,https://www.patheos.com/blogs/americanbuddhist/2018/09/watching-the-kavanaugh-hearings-from-a-dharmic-perspective-two-buddhist-women-speak.html
21,https://www.patheos.com/blogs/americanbuddhist/2018/09/resources-for-learning-pali-a-key-language-for-early-buddhism-and-the-theravadin-tradition.html
22,https://www.patheos.com/blogs/americanbuddhist/2018/09/the-psychedelic-drug-debate-why-buddhist-ethics-matters.html
23,https://www.patheos.com/blogs/americanbuddhist/2018/09/metooguru-group-survivors-of-abusive-buddhist-teachers-would-like-to-meet-dalai-lama-in-europe-petition.html
24,https://www.patheos.com/blogs/americanbuddhist/2018/09/china-buddhism-and-the-new-era-of-globalization.html
25,https://www.patheos.com/blogs/americanbuddhist/2018/09/buddhist-economics-further-resources.html
26,https://www.patheos.com/blogs/americanbuddhist/2018/09/a-philosophy-of-labor-seeing-the-unseen-forces-in-our-work-lives.html
27,https://www.patheos.com/blogs/americanbuddhist/2018/09/two-documentaries-examine-the-sexual-abuse-in-the-tibetan-buddhist-group-rigpa.html
28,https://www.patheos.com/blogs/americanbuddhist/2018/08/the-dalai-lama-offers-a-tribute-to-senator-john-mccain.html
29,https://www.patheos.com/blogs/americanbuddhist/2018/08/shambhala-faces-most-damning-revelations-to-date-buddhist-project-sunshine-phase-3-report.html
30,https://www.patheos.com/blogs/americanbuddhist/2018/08/a-teaching-philosophy-as-revolutionary-manifesto.html
31,https://www.patheos.com/blogs/americanbuddhist/2018/08/why-cant-people-just-leave-shambhala-buddhism.html
32,https://www.patheos.com/blogs/americanbuddhist/2018/08/david-foster-wallace-irony-and-american-buddhism-today.html
33,https://www.patheos.com/blogs/americanbuddhist/2018/07/the-three-jewels-of-buddhism-and-multi-faith-affiliations.html
34,https://www.patheos.com/blogs/americanbuddhist/2018/07/zen-training-101-with-the-help-of-an-art-studio-manual.html
35,https://www.patheos.com/blogs/americanbuddhist/2018/06/the-buddhist-peace-fellowship-turns-40.html
36,https://www.patheos.com/blogs/americanbuddhist/2018/06/ethics-of-shame-and-shamelessness-buddhist-and-western.html
37,https://www.patheos.com/blogs/americanbuddhist/2018/06/knowing-harm-we-must-oppose-it.html
38,https://www.patheos.com/blogs/americanbuddhist/2018/06/buddhist-statement-against-detaining-immigrant-children.html
39,https://www.patheos.com/blogs/americanbuddhist/2018/06/memorializing-a-buddhist-blog-list.html
40,https://www.patheos.com/blogs/americanbuddhist/2018/06/a-buddhist-reappropriation-of-mindfulness-meditation.html
41,https://www.patheos.com/blogs/americanbuddhist/2018/05/is-a-sea-change-coming-to-western-buddhism.html
42,https://www.patheos.com/blogs/americanbuddhist/2018/05/the-secret-is-in-the-open-shambhala-sexual-abuse-discussed-on-cbc-radio.html
43,https://www.patheos.com/blogs/americanbuddhist/2018/05/in-a-buddhist-nation-another-muslim-catastrophe.html
44,https://www.patheos.com/blogs/americanbuddhist/2018/05/buddhas-advice-for-busy-times-a-laypersons-buddhist-ethics.html
45,https://www.patheos.com/blogs/americanbuddhist/2018/04/project-sunshine-home-of-shambhalametoo-approaches-revised-fundraising-goal.html
46,https://www.patheos.com/blogs/americanbuddhist/2018/04/buddhists-and-social-justice-escaping-this-world-or-our-delusions.html
47,https://www.patheos.com/blogs/americanbuddhist/2018/04/healing-sexualized-violence-in-the-shambhala-buddhist-community.html
48,https://www.patheos.com/blogs/americanbuddhist/2018/04/cut-military-spending-fund-human-needs-a-buddhist-solution-to-syria.html
49,https://www.patheos.com/blogs/americanbuddhist/2018/03/americans-duped-burmese-brainwashed-about-ongoing-violence-in-burma-myanmar.html
50,https://www.patheos.com/blogs/americanbuddhist/2018/03/violent-buddhists-of-the-20th-century.html
51,https://www.patheos.com/blogs/americanbuddhist/2018/03/citing-ethical-concerns-ajahn-brahm-resigns-from-the-buddhist-society-of-western-australia.html
52,https://www.patheos.com/blogs/americanbuddhist/2018/03/got-12000-spend-book-murals-tibet-perfect.html
53,https://www.patheos.com/blogs/americanbuddhist/2018/03/dalai-lama-citing-progress-optimistic-humanity.html
54,https://www.patheos.com/blogs/americanbuddhist/2018/02/buddhism-burma-politics-via-religion-dispatches.html
55,https://www.patheos.com/blogs/americanbuddhist/2018/02/burn-never-guide-compassionate-mindful-activism.html
56,https://www.patheos.com/blogs/americanbuddhist/2018/02/buddhist-villagers-myanmar-troops-killed-10-rohingya-men.html
57,https://www.patheos.com/blogs/americanbuddhist/2018/02/dalai-lama-affirms-prayers-alone-not-enough-need-action.html
58,https://www.patheos.com/blogs/americanbuddhist/2018/02/buddhist-smart-prayer-beads-introduced-computer-firm-acer.html
59,https://www.patheos.com/blogs/americanbuddhist/2018/02/join-the-buddhists-supporting-the-rohingya-of-burma.html
60,https://www.patheos.com/blogs/americanbuddhist/2018/01/4-residential-buddhist-life-opportunities-apply-today.html
61,https://www.patheos.com/blogs/americanbuddhist/2018/01/buddha-philosopher-video.html
62,https://www.patheos.com/blogs/americanbuddhist/2018/01/mindfulness-career-attachments-exercise-author-maia-duerr.html
63,https://www.patheos.com/blogs/americanbuddhist/2018/01/early-buddhist-mindfulness-song.html
64,https://www.patheos.com/blogs/americanbuddhist/2017/12/buddha-prayer-secular-buddhist-talks.html
65,https://www.patheos.com/blogs/americanbuddhist/2017/11/buddhists-christians-share-saint-barlaam-josaphat.html
66,https://www.patheos.com/blogs/americanbuddhist/2017/11/a-storm-is-coming-tibetan-buddhism-in-the-west.html
67,https://www.patheos.com/blogs/americanbuddhist/2017/11/meditations-communities-gratitude.html
68,https://www.patheos.com/blogs/americanbuddhist/2017/11/similes-for-buddhist-ethics-the-traffic-light-by-ven-ajahn-brahm.html
69,https://www.patheos.com/blogs/americanbuddhist/2017/10/explore-buddhism-india-new-year.html
70,https://www.patheos.com/blogs/americanbuddhist/2017/10/buddha-spits-old-age.html
71,https://www.patheos.com/blogs/americanbuddhist/2017/10/in-wake-of-metoo-a-tibetan-buddhist-lama-offers-a-teacher-student-sex-contract.html
72,https://www.patheos.com/blogs/americanbuddhist/2017/10/mindfulness-mindlessness-marketplace.html
73,https://www.patheos.com/blogs/americanbuddhist/2017/10/message-rohingya-young-burmese-american-buddhists.html
74,https://www.patheos.com/blogs/americanbuddhist/2017/10/dalai-lama-mass-violence.html
75,https://www.patheos.com/blogs/americanbuddhist/2017/09/buddhism-cheat-sheet-mahayana-zen.html
76,https://www.patheos.com/blogs/americanbuddhist/2017/09/thich-nhat-hanh-autumn-leaf-life-death-continuation.html
77,https://www.patheos.com/blogs/americanbuddhist/2017/09/the-bbc-in-myanmar-burma-see-and-hear-for-yourself-the-buddhist-views-of-islam.html
78,https://www.patheos.com/blogs/americanbuddhist/2017/09/tibetan-buddhist-master-namkhai-norbu-rinpoche-on-spiritual-bypassing.html
79,https://www.patheos.com/blogs/americanbuddhist/2017/09/tibetan-buddhist-thoughts-sogyalrigpa.html
80,https://www.patheos.com/blogs/americanbuddhist/2017/09/dalai-lama-secular-ethics-toppling-rotten-buddhist-institutions.html
81,https://www.patheos.com/blogs/americanbuddhist/2017/09/tibetan-buddhist-nun-discusses-sexual-abuse-tantra.html
82,https://www.patheos.com/blogs/americanbuddhist/2017/09/buddhists-perpetrating-genocide-burma-myanmar.html
83,https://www.patheos.com/blogs/americanbuddhist/2017/08/black-lives-matter-rally-march-seattle-wa-photos.html
84,https://www.patheos.com/blogs/americanbuddhist/2017/08/brief-meditation-cosmic-wholeness-buddhist-eclipse.html
85,https://www.patheos.com/blogs/americanbuddhist/2017/08/montana-mindfulness-retreat.html
86,https://www.patheos.com/blogs/americanbuddhist/2017/08/buddhism-afterlife-voice-islam.html
87,https://www.patheos.com/blogs/americanbuddhist/2017/08/dismantling-buddhist-patriarchy-denial-inside.html
88,https://www.patheos.com/blogs/americanbuddhist/2017/08/the-merit-of-pointing-out-abuse-in-buddhism-dzongsar-khyentse-rinpoche.html
89,https://www.patheos.com/blogs/americanbuddhist/2017/08/dalai-lama-speaks-buddhist-teacher-misconduct.html
90,https://www.patheos.com/blogs/americanbuddhist/2017/08/abusive-tibetan-buddhists-continuing-conversation.html
91,https://www.patheos.com/blogs/americanbuddhist/2017/08/detroit-intimacy-racial-hatred-suffering-causes.html
92,https://www.patheos.com/blogs/americanbuddhist/2017/07/buddhism-patriarchy-abuse-violence-need-talk.html
93,https://www.patheos.com/blogs/americanbuddhist/2017/07/death-teacher-buddhist-teaching.html
94,https://www.patheos.com/blogs/americanbuddhist/2017/07/can-western-appropriation-buddhism-mindfulness-yoga-good.html
95,https://www.patheos.com/blogs/americanbuddhist/2017/07/buddhism-christianity-and-an-emerging-superpower-interview-michael-wood-story-china.html
96,https://www.patheos.com/blogs/americanbuddhist/2017/06/tibet-womens-soccer-team-play-vancouver-canada-u-s-visa-denial.html
97,https://www.patheos.com/blogs/americanbuddhist/2017/06/an-end-of-academic-critique-mindfulness-and-a-philosophy-of-humility.html
98,https://www.patheos.com/blogs/americanbuddhist/2017/06/re-fleshing-mindfulness-buddhism-dr-miles-neale.html
99,https://www.patheos.com/blogs/americanbuddhist/2017/06/introducing-hey-mama-childrens-ebook-meditation.html
100,https://www.patheos.com/blogs/americanbuddhist/2017/05/gianforte-grabbed-jacobs-neck-hands-slammed-punched.html
101,https://www.patheos.com/blogs/americanbuddhist/2017/05/dalai-lama-continues-push-secular-ethics-buddhism.html
102,https://www.patheos.com/blogs/americanbuddhist/2017/05/u-s-congress-re-introduces-reciprocal-access-tibet-act-amidst-tensions-dalai-lamas-travels-rise.html
103,https://www.patheos.com/blogs/americanbuddhist/2017/05/settling-online-meditation-guideful.html
104,https://www.patheos.com/blogs/americanbuddhist/2017/05/survey-secular-buddhism.html
105,https://www.patheos.com/blogs/americanbuddhist/2017/05/a-roundup-of-critical-perspectives-on-meditation.html
106,https://www.patheos.com/blogs/americanbuddhist/2017/05/confronting-demons-courage-essence-buddhism.html
107,https://www.patheos.com/blogs/americanbuddhist/2017/04/images-tibets-larung-gar-demolition-april-2016-april-2017.html
108,https://www.patheos.com/blogs/americanbuddhist/2017/04/dalai-lama-criticizes-trumps-america-first-policy.html
109,https://www.patheos.com/blogs/americanbuddhist/2017/04/daniel-clarkson-fisher-offers-peoples-buddhism-b-r-ambedkar-revival.html
