,Post URL
0,https://www.patheos.com/blogs/akramsrazor/2014/03/the-not-so-strange-resilience-of-takfarism/
1,https://www.patheos.com/blogs/akramsrazor/2014/03/amazon-leading-the-way-back-to-the-19th-century/
2,https://www.patheos.com/blogs/akramsrazor/2014/02/csm-on-american-muslims/
3,https://www.patheos.com/blogs/akramsrazor/2013/11/veil-por/
4,https://www.patheos.com/blogs/akramsrazor/2013/09/fox-news-in-all-its-glory/
5,https://www.patheos.com/blogs/akramsrazor/2013/07/the-pros-and-cons-of-white-house-iftars/
6,https://www.patheos.com/blogs/akramsrazor/2013/01/jabba-the-turk/
7,https://www.patheos.com/blogs/akramsrazor/2013/01/amitabh-pal-on-nonviolence-in-islam/
8,https://www.patheos.com/blogs/akramsrazor/2013/01/conspiracy-theories-and-mainstream-criticism-of-islam-in-american-politics/
9,https://www.patheos.com/blogs/akramsrazor/2013/01/secularists-and-the-innocence-of-muslims-brouhaha/
10,https://www.patheos.com/blogs/akramsrazor/2013/01/fasting-during-pregnancy/
11,https://www.patheos.com/blogs/akramsrazor/2012/12/yuletide-musings-on-the-ramadan-shutdown/
12,https://www.patheos.com/blogs/akramsrazor/2012/11/why-is-apple-denying-american-voters-information-about-drone-attacks/
13,https://www.patheos.com/blogs/akramsrazor/2012/09/brian-d-mclarens-why-did-jesus-moses-the-buddha-and-mohammed-cross-the-road/
14,https://www.patheos.com/blogs/akramsrazor/2012/09/haroon-mughal-shows-how-it-done-on-cnn/
15,https://www.patheos.com/blogs/akramsrazor/2012/09/new-investigative-report-on-h-rap-brown/
16,https://www.patheos.com/blogs/akramsrazor/2012/07/innovative-upcoming-online-course-on-islamophobia/
17,https://www.patheos.com/blogs/akramsrazor/2012/07/supporting-the-few-media-that-support-us/
18,https://www.patheos.com/blogs/akramsrazor/2012/07/new-york-times-op-ed-on-hijab/
19,https://www.patheos.com/blogs/akramsrazor/2012/06/bringing-the-greater-jihad-to-the-silver-screen/
20,https://www.patheos.com/blogs/akramsrazor/2012/05/publishers-weekly-review-of-all-american-45-american-men-on-being-muslim/
21,https://www.patheos.com/blogs/akramsrazor/2012/05/the-latest-gem-from-the-creeping-sharia-brigade/
22,https://www.patheos.com/blogs/akramsrazor/2012/04/fear-not-weekend-at-bernies-is-haram-after-all/
23,https://www.patheos.com/blogs/akramsrazor/2012/04/the-fiqh-of-weekend-at-bernies/
24,https://www.patheos.com/blogs/akramsrazor/2012/04/new-website-for-all-american-45-american-men-on-being-muslim/
25,https://www.patheos.com/blogs/akramsrazor/2012/04/anders-breivik-and-islamofascisms-youthful-bloom/
26,https://www.patheos.com/blogs/akramsrazor/2012/04/tikkun-daily-the-nt-as-jewish-lit-and-reading-scripture-in-historical-context/
27,https://www.patheos.com/blogs/akramsrazor/2012/04/essay-on-malcolm-x-in-claremont-review/
28,https://www.patheos.com/blogs/akramsrazor/2012/03/praying-to-which-god-i-wonder/
29,https://www.patheos.com/blogs/akramsrazor/2012/03/tikkun-daily-think-the-nypd-is-infiltrating-pat-robertsons-church/
30,https://www.patheos.com/blogs/akramsrazor/2012/02/teaching-kids-the-holy-quran-with-legos/
31,https://www.patheos.com/blogs/akramsrazor/2012/02/skewering-racism-on-public-radio/
32,https://www.patheos.com/blogs/akramsrazor/2012/02/all-american-45-american-men-on-being-muslim/
33,https://www.patheos.com/blogs/akramsrazor/2012/01/insights-into-diversity-within-the-muslim-brotherhood/
34,https://www.patheos.com/blogs/akramsrazor/2012/01/the-transformers-face-a-truly-eldritch-horror/
35,https://www.patheos.com/blogs/akramsrazor/2012/01/beware-the-peaceful-decoy-muslims/
36,https://www.patheos.com/blogs/akramsrazor/2012/01/old-folks-occupy-ca-bank/
37,https://www.patheos.com/blogs/akramsrazor/2011/12/the-taleef-collective/
38,https://www.patheos.com/blogs/akramsrazor/2011/12/on-the-likelihood-of-mistaking-a-pile-of-kale-for-a-chicken-sandwich/
39,https://www.patheos.com/blogs/akramsrazor/2011/11/muslim-leaders-need-to-put-the-lot-religious-minorities-high-on-the-agenda-before-its-too-late/
40,https://www.patheos.com/blogs/akramsrazor/2011/11/a-lot-of-the-criticism-directed-at-occupy-wall-street-even-from-the-left-concerning-their-lack-of-a-concrete-platform-or-un/
41,https://www.patheos.com/blogs/akramsrazor/2011/10/sage-advice-for-new-muslims/
42,https://www.patheos.com/blogs/akramsrazor/2011/10/a-ted-talk-onerrthe-quran-war-and-houris/
43,https://www.patheos.com/blogs/akramsrazor/2011/10/marriage-motherhood-the-nuclear-option/
44,https://www.patheos.com/blogs/akramsrazor/2011/09/a-meth-lab-gets-busted-in-the-shire/
45,https://www.patheos.com/blogs/akramsrazor/2011/09/american-muslim-statement-on-the-10th-anniversary-of-911/
46,https://www.patheos.com/blogs/akramsrazor/2011/09/iris-scans-and-citizenship-in-india/
47,https://www.patheos.com/blogs/akramsrazor/2011/08/leadership/
48,https://www.patheos.com/blogs/akramsrazor/2011/08/profound-insights-on-multi-culturalism-from-an-islamophobe/
49,https://www.patheos.com/blogs/akramsrazor/2011/07/fair-on-the-rush-to-pin-the-oslo-bombing-on-muslims/
50,https://www.patheos.com/blogs/akramsrazor/2011/07/galbraith-and-parenti-interviews/
51,https://www.patheos.com/blogs/akramsrazor/2011/07/podcasts-for-health-and-profit/
52,https://www.patheos.com/blogs/akramsrazor/2011/07/hbo-documentary-koran-by-heart/
53,https://www.patheos.com/blogs/akramsrazor/2011/07/new-post-to-tikkun-daily-what-passes-for-anthropological-analysis-in-the-msm/
54,https://www.patheos.com/blogs/akramsrazor/2011/07/call-for-contributions-i-speak-for-myself-american-men-on-being-muslim-1/
55,https://www.patheos.com/blogs/akramsrazor/2011/06/my-essay-on-the-misrecollection-of-martin-luther-king-jr/
56,https://www.patheos.com/blogs/akramsrazor/2011/06/whos-isna-bound/
57,https://www.patheos.com/blogs/akramsrazor/2011/06/captain-hook-becomes-mayor-in-the-uk/
58,https://www.patheos.com/blogs/akramsrazor/2011/05/has-zam-zam-been-polluted/
59,https://www.patheos.com/blogs/akramsrazor/2011/05/paper-loving-compassion-in-islam-and-buddhism-rahma-and-karuna/
60,https://www.patheos.com/blogs/akramsrazor/2011/05/leave-no-arms-merchant-or-mercenary-behind/
61,https://www.patheos.com/blogs/akramsrazor/2011/05/hussein-rashid-on-lgbt-muslims/
62,https://www.patheos.com/blogs/akramsrazor/2011/05/the-klan-to-rev-jones-dude-youve-jumped-the-shark/
63,https://www.patheos.com/blogs/akramsrazor/2011/05/dr-jonathan-brown-on-stereotypes-about-muhammad-through-the-ages/
64,https://www.patheos.com/blogs/akramsrazor/2011/05/new-on-tikkun-daily-osama-bin-ladens-messy-and-debatable-demise/
65,https://www.patheos.com/blogs/akramsrazor/2011/05/new-crime-airbrushing-while-muslim/
66,https://www.patheos.com/blogs/akramsrazor/2011/05/against-the-grain-interview-on-californias-long-history-of-genteel-apartheid/
67,https://www.patheos.com/blogs/akramsrazor/2011/04/winters-bone/
68,https://www.patheos.com/blogs/akramsrazor/2011/04/happy-easter/
69,https://www.patheos.com/blogs/akramsrazor/2011/04/the-arab-street-is-owed-an-apology/
70,https://www.patheos.com/blogs/akramsrazor/2011/04/the-murder-of-a-pro-palestinian-activist-why-tawhidi-groups-often-are-anything-but/
71,https://www.patheos.com/blogs/akramsrazor/2011/04/timely-report-on-french-women-and-the-veil/
72,https://www.patheos.com/blogs/akramsrazor/2011/04/throwing-the-book-at-the-irvine-11/
73,https://www.patheos.com/blogs/akramsrazor/2011/04/the-guardians-neato-interactive-timeline-on-the-jasmine-revolutions/
74,https://www.patheos.com/blogs/akramsrazor/2011/04/breaking-down-the-murfeesboro-mosque-controversy/
75,https://www.patheos.com/blogs/akramsrazor/2011/04/great-documentary-on-sufi-music/
76,https://www.patheos.com/blogs/akramsrazor/2011/04/wicked-fun-for-the-whole-muslim-family/
77,https://www.patheos.com/blogs/akramsrazor/2011/03/rabbis-speaking-out-against-islamophobia/
78,https://www.patheos.com/blogs/akramsrazor/2011/03/obamas-indecision-in-egypt/
79,https://www.patheos.com/blogs/akramsrazor/2011/03/rep-peter-king-and-terrorism/
80,https://www.patheos.com/blogs/akramsrazor/2011/03/whos-the-fifth-column-again/
81,https://www.patheos.com/blogs/akramsrazor/2011/02/fox-gets-outfoxed/
82,https://www.patheos.com/blogs/akramsrazor/2011/02/interesting-list-of-muslim-blogs/
83,https://www.patheos.com/blogs/akramsrazor/2011/01/backgrounder-on-egypt/
84,https://www.patheos.com/blogs/akramsrazor/2011/01/egypt-making-us-proud/
85,https://www.patheos.com/blogs/akramsrazor/2011/01/the-pharoahs-reign-is-nearing-its-end/
86,https://www.patheos.com/blogs/akramsrazor/2011/01/fr-thomas-michel-on-hagar-and-gods-compassion-for-the-poor/
87,https://www.patheos.com/blogs/akramsrazor/2011/01/theres-hope-for-every-homeless-person-in-america-so-long-as-hes-extraordinary/
88,https://www.patheos.com/blogs/akramsrazor/2011/01/a-woman-reports-overdose-1000-friends-too-busy-chattering-to-care/
89,https://www.patheos.com/blogs/akramsrazor/2010/12/terror-attack-in-sweden/
90,https://www.patheos.com/blogs/akramsrazor/2010/12/greewald-on-the-latest-fishy-anti-terror-busts/
91,https://www.patheos.com/blogs/akramsrazor/2010/11/educating-the-disabled/
92,https://www.patheos.com/blogs/akramsrazor/2010/11/saints-of-clay/
93,https://www.patheos.com/blogs/akramsrazor/2010/11/fascinating-podcasts-on-polygamy-in-american-history/
94,https://www.patheos.com/blogs/akramsrazor/2010/11/and-their-mutawa-carry-prayer-beads-too/
95,https://www.patheos.com/blogs/akramsrazor/2010/11/jews-and-muslims-praying-together-in-savannah/
96,https://www.patheos.com/blogs/akramsrazor/2010/10/unexpected-lessons-of-an-edgy-statue-of-the-virgin-mary/
97,https://www.patheos.com/blogs/akramsrazor/2010/10/youre-doing-a-phd-in-what/
98,https://www.patheos.com/blogs/akramsrazor/2010/10/tips-for-internet-based-scholarship/
99,https://www.patheos.com/blogs/akramsrazor/2010/10/talk-about-foreign-money-building-a-mosque/
100,https://www.patheos.com/blogs/akramsrazor/2010/10/imagine-if-they-happened-to-be-arab/
101,https://www.patheos.com/blogs/akramsrazor/2010/10/straight-talk-on-the-taqiyya-myth/
102,https://www.patheos.com/blogs/akramsrazor/2010/10/go-forth-and-nominate/
103,https://www.patheos.com/blogs/akramsrazor/2010/09/the-folly-of-enhanced-interrogation/
104,https://www.patheos.com/blogs/akramsrazor/2010/09/green-growth-in-abu-dhabi-of-all-places/
105,https://www.patheos.com/blogs/akramsrazor/2010/09/mail-order-husbands-in-thailand/
106,https://www.patheos.com/blogs/akramsrazor/2010/09/speaking-of-honor-killings-this-news-out-of-india-has-to-be-the-most-fasctinating-example-of-activism-ive-seen-in-a-long-tim/
107,https://www.patheos.com/blogs/akramsrazor/2010/09/robert-fisk-on-honor-killings/
108,https://www.patheos.com/blogs/akramsrazor/2010/09/statement-a-defense-of-free-speech-by-muslim-americans/
109,https://www.patheos.com/blogs/akramsrazor/2010/09/next-we-will-empty-the-infidels-garbage-bins-muahaha/
110,https://www.patheos.com/blogs/akramsrazor/2010/09/anarchy-in-the-uk/
111,https://www.patheos.com/blogs/akramsrazor/2010/07/american-dhimmis/
112,https://www.patheos.com/blogs/akramsrazor/2010/06/the-turks-are-coming/
113,https://www.patheos.com/blogs/akramsrazor/2010/05/tikkun-daily-infiltration-and-revisionism-in-texas/
114,https://www.patheos.com/blogs/akramsrazor/2010/05/new-book-on-holocaust-denial-among-arabs/
115,https://www.patheos.com/blogs/akramsrazor/2010/05/a-bit-of-progress-in-labor-relations-in-kuwait/
116,https://www.patheos.com/blogs/akramsrazor/2010/05/hey-whats-with-those-squiggly-urls/
117,https://www.patheos.com/blogs/akramsrazor/2010/05/the-parallel-scandal-of-msm-coverage-of-catholic-abuse-cases/
118,https://www.patheos.com/blogs/akramsrazor/2010/05/sex-shop-that-keeps-it-halal/
119,https://www.patheos.com/blogs/akramsrazor/2010/05/somalia-laboratory-of-freedom/
120,https://www.patheos.com/blogs/akramsrazor/2010/05/a-few-thoughts-on-fgm/
121,https://www.patheos.com/blogs/akramsrazor/2010/04/apres-cela-le-deluge/
122,https://www.patheos.com/blogs/akramsrazor/2010/04/tikkun-daily-beavis-and-butthead-declare-war-on-south-park/
123,https://www.patheos.com/blogs/akramsrazor/2010/04/tikkun-daily-how-not-to-read-scripture/
124,https://www.patheos.com/blogs/akramsrazor/2010/04/mass-on-the-moon/
125,https://www.patheos.com/blogs/akramsrazor/2010/04/tikkun-daily-food-for-thought-for-quran-bashers/
126,https://www.patheos.com/blogs/akramsrazor/2010/03/patheos-god-in-100-words/
127,https://www.patheos.com/blogs/akramsrazor/2010/03/news-flash-marital-age-is-now-in-the-kalima/
128,https://www.patheos.com/blogs/akramsrazor/2010/03/black-like-me-in-germany/
129,https://www.patheos.com/blogs/akramsrazor/2010/03/jimmy-carter-on-misogyny-and-religion/
130,https://www.patheos.com/blogs/akramsrazor/2009/12/a-moment-of-silence-at-the-passing-of-a-great-leader/
131,https://www.patheos.com/blogs/akramsrazor/2009/11/hamza-yusuf-on-the-important-work-that-needs-to-be-done-after-fort-hood/
132,https://www.patheos.com/blogs/akramsrazor/2009/10/keep-an-eye-out-for-armored-cars-in-jeddah-this-month/
133,https://www.patheos.com/blogs/akramsrazor/2009/10/talk-about-culture-shock/
134,https://www.patheos.com/blogs/akramsrazor/2009/10/the-latest-titilation-from-egypt/
135,https://www.patheos.com/blogs/akramsrazor/2009/10/even-these-guys-jobs-can-be-outsourced-to-india/
136,https://www.patheos.com/blogs/akramsrazor/2009/10/rush-limbaugh-king-maker-or-paper-tiger/
137,https://www.patheos.com/blogs/akramsrazor/2009/09/sally-struthers-was-right/
138,https://www.patheos.com/blogs/akramsrazor/2009/09/a-grisly-crime-from-a-bygone-eraor-so-we-thought/
139,https://www.patheos.com/blogs/akramsrazor/2009/09/the-surprising-religious-life-of-the-founding-fathers/
140,https://www.patheos.com/blogs/akramsrazor/2009/09/local-activism-from-abroad/
141,https://www.patheos.com/blogs/akramsrazor/2009/09/two-israelis-in-cairo/
142,https://www.patheos.com/blogs/akramsrazor/2009/09/time-to-empty-the-asylum/
143,https://www.patheos.com/blogs/akramsrazor/2009/09/on-the-myth-that-the-quran-forbids-friendship-with-nonmuslims/
144,https://www.patheos.com/blogs/akramsrazor/2009/09/eid-stamp/
145,https://www.patheos.com/blogs/akramsrazor/2009/09/some-perspective-on-your-and-my-problems/
146,https://www.patheos.com/blogs/akramsrazor/2009/09/a-few-key-american-muslim-media-channels-to-watch/
147,https://www.patheos.com/blogs/akramsrazor/2009/09/ebru-tvs/
148,https://www.patheos.com/blogs/akramsrazor/2009/08/marietal-doublestandards-about-muslim-women/
149,https://www.patheos.com/blogs/akramsrazor/2009/08/founding-fathers/
150,https://www.patheos.com/blogs/akramsrazor/2009/08/ted-kennedy-a-statesman-and-patriot/
151,https://www.patheos.com/blogs/akramsrazor/2009/08/ramzan-mubarak/
152,https://www.patheos.com/blogs/akramsrazor/2009/08/it-couldnt-have-happened-to-a-better-guy/
153,https://www.patheos.com/blogs/akramsrazor/2009/08/have-wars-really-gotten-worse-during-modernity/
154,https://www.patheos.com/blogs/akramsrazor/2009/08/bbcs-beyond-belief-on-john-calvin/
155,https://www.patheos.com/blogs/akramsrazor/2009/08/a-modern-day-scheherazade-in-khartoum/
156,https://www.patheos.com/blogs/akramsrazor/2009/07/guest-post-what-is-a-christian/
157,https://www.patheos.com/blogs/akramsrazor/2009/07/some-thoughts-on-why-spencer-didnt-deserve-a-response/
158,https://www.patheos.com/blogs/akramsrazor/2009/07/the-msms-new-jihadism-vs-mcsufism-narrative/
159,https://www.patheos.com/blogs/akramsrazor/2009/07/time-on-sufism-and-terror/
160,https://www.patheos.com/blogs/akramsrazor/2009/07/newsweek-on-the-myth-of-eurabia-takeover/
161,https://www.patheos.com/blogs/akramsrazor/2009/07/report-on-the-arabic-blogosphere/
162,https://www.patheos.com/blogs/akramsrazor/2009/07/the-jw-saga-continues/
163,https://www.patheos.com/blogs/akramsrazor/2009/07/a-thought-on-how-i-view-spencers-fans/
164,https://www.patheos.com/blogs/akramsrazor/2009/07/ilan-halimis-murderer-sentenced/
165,https://www.patheos.com/blogs/akramsrazor/2009/07/a-nonanswer-from-a-critic/
166,https://www.patheos.com/blogs/akramsrazor/2009/07/spencer-and-his-hordes-come-calling/
167,https://www.patheos.com/blogs/akramsrazor/2009/07/sense-momentarily-prevails-spencer-panel-canceled/
168,https://www.patheos.com/blogs/akramsrazor/2009/07/joke-of-the-day-robert-spencer-as-bridgebuilder-repost/
169,https://www.patheos.com/blogs/akramsrazor/2009/07/new-comment-on-spencer-invite/
170,https://www.patheos.com/blogs/akramsrazor/2009/07/robert-spencer-bridgebuilder/
171,https://www.patheos.com/blogs/akramsrazor/2009/06/christians-dont-murder-the-obamathemuslim-conspiracy-theory-is-back/
172,https://www.patheos.com/blogs/akramsrazor/2009/06/the-personal-is-theological/
173,https://www.patheos.com/blogs/akramsrazor/2009/06/sometimes-a-sword-isnt-really-a-sword/
174,https://www.patheos.com/blogs/akramsrazor/2009/06/a-bumber-crop-this-season-of-religious-fanaticism/
175,https://www.patheos.com/blogs/akramsrazor/2009/06/latest-pseudo-science-inspired-by-this-blogs-title/
176,https://www.patheos.com/blogs/akramsrazor/2009/06/ask-not-what-obama/
177,https://www.patheos.com/blogs/akramsrazor/2009/06/stop-what-youre-doing-and-listen-to-obamas-cairo-speech/
178,https://www.patheos.com/blogs/akramsrazor/2009/06/the-hardships-of-war/
179,https://www.patheos.com/blogs/akramsrazor/2009/06/outsourcing-human-rights-violations/
180,https://www.patheos.com/blogs/akramsrazor/2009/05/the-prostitution-capital-of-the-middle-east-wont-tolerate-takes-a-stand-against-adultery/
181,https://www.patheos.com/blogs/akramsrazor/2009/05/a-rabbi-on-how-the-msm-doesnt-listen-when-muslims-speak-out-against-terror/
182,https://www.patheos.com/blogs/akramsrazor/2009/05/the-new-star-trek-movie-rocks-and-so-do-trekkies-for-that-matter/
183,https://www.patheos.com/blogs/akramsrazor/2009/05/imam-shakirs-critique-in-tikkun-of-obsession/
184,https://www.patheos.com/blogs/akramsrazor/2009/05/the-onion-on-trekkie-outrage-over-the-new-film/
185,https://www.patheos.com/blogs/akramsrazor/2009/05/kids-and-zikr/
186,https://www.patheos.com/blogs/akramsrazor/2009/05/dishonor-in-peshawar/
187,https://www.patheos.com/blogs/akramsrazor/2009/04/ahmadinejad-monica-lewinsky-redux/
188,https://www.patheos.com/blogs/akramsrazor/2009/04/an-ass-brays-in-geneva/
189,https://www.patheos.com/blogs/akramsrazor/2009/04/susan-boyle-rocks-the-house/
190,https://www.patheos.com/blogs/akramsrazor/2009/04/a-belated-happy-easter/
191,https://www.patheos.com/blogs/akramsrazor/2009/04/chimps-and-dating/
192,https://www.patheos.com/blogs/akramsrazor/2009/04/many-mosques-in-mecca-not-facing-the-kaaba/
193,https://www.patheos.com/blogs/akramsrazor/2009/04/a-life-long-klansman-asks-for-forgiveness-from-his-victims/
194,https://www.patheos.com/blogs/akramsrazor/2009/04/dubai-has-a-female-judge/
195,https://www.patheos.com/blogs/akramsrazor/2009/04/cheney-as-the-smirking-man/
196,https://www.patheos.com/blogs/akramsrazor/2009/04/past-thoughts-on-nonviolence/
197,https://www.patheos.com/blogs/akramsrazor/2009/03/fair-enough-but-kindly-direct-me-to-all-the-nonpalestinian-gandhis-out-there-today/
198,https://www.patheos.com/blogs/akramsrazor/2009/03/over-30-and-unmarried-breaking-a-stalemate-repost-due-to-bad-link/
199,https://www.patheos.com/blogs/akramsrazor/2009/03/happy-purim/
200,https://www.patheos.com/blogs/akramsrazor/2009/03/balancing-identity-against-dogmatism-within-religious-organizations/
201,https://www.patheos.com/blogs/akramsrazor/2009/03/an-unexpected-sight-in-the-mosque-bathroom/
202,https://www.patheos.com/blogs/akramsrazor/2009/02/spyingand-raping/
203,https://www.patheos.com/blogs/akramsrazor/2009/01/links-on-the-gaza-slaughter-and-israeli-spin-there-of/
204,https://www.patheos.com/blogs/akramsrazor/2009/01/the-real-analogy-about-gaza/
205,https://www.patheos.com/blogs/akramsrazor/2008/12/the-realities-o/
206,https://www.patheos.com/blogs/akramsrazor/2008/12/food-for-thought-for-us-dads/
207,https://www.patheos.com/blogs/akramsrazor/2008/11/the-horror-of-mumbai/
208,https://www.patheos.com/blogs/akramsrazor/2008/11/a-glimpse-of-ha/
209,https://www.patheos.com/blogs/akramsrazor/2008/11/early-to-bed-ea/
210,https://www.patheos.com/blogs/akramsrazor/2008/11/the-case-of-the/
211,https://www.patheos.com/blogs/akramsrazor/2008/11/oxford-entry-on/
212,https://www.patheos.com/blogs/akramsrazor/2008/11/obamas-unusuall/
213,https://www.patheos.com/blogs/akramsrazor/2008/11/willow-wilson-o/
214,https://www.patheos.com/blogs/akramsrazor/2008/11/akrams-razor-ca/
215,https://www.patheos.com/blogs/akramsrazor/2008/11/black-muslim-te/
216,https://www.patheos.com/blogs/akramsrazor/2008/11/us-1-europe-0-o/
217,https://www.patheos.com/blogs/akramsrazor/2008/11/a-prayer/
218,https://www.patheos.com/blogs/akramsrazor/2008/11/progressive-jew/
219,https://www.patheos.com/blogs/akramsrazor/2008/10/felons-may-sit/
220,https://www.patheos.com/blogs/akramsrazor/2008/10/will-whites-rio/
221,https://www.patheos.com/blogs/akramsrazor/2008/10/thriller-lives-on/
222,https://www.patheos.com/blogs/akramsrazor/2008/10/can-conservative-arguments-become-any-dumber-or-cruder/
223,https://www.patheos.com/blogs/akramsrazor/2008/10/straight-up-kuf/
224,https://www.patheos.com/blogs/akramsrazor/2008/10/an-arab-christi/
225,https://www.patheos.com/blogs/akramsrazor/2008/10/the-brass-cresc/
226,https://www.patheos.com/blogs/akramsrazor/2008/10/obama-in-mo/
227,https://www.patheos.com/blogs/akramsrazor/2008/10/ignore-messages-fanbox/
228,https://www.patheos.com/blogs/akramsrazor/2008/10/fair-on-islamop/
229,https://www.patheos.com/blogs/akramsrazor/2008/10/keep-it-real-au/
230,https://www.patheos.com/blogs/akramsrazor/2008/10/and-a-nation-wets-its-pants/
231,https://www.patheos.com/blogs/akramsrazor/2008/10/velveteen-rabbi/
232,https://www.patheos.com/blogs/akramsrazor/2008/10/will-on-mccain/
233,https://www.patheos.com/blogs/akramsrazor/2008/09/folks-why-even-bother-to-set-up-a-website-for-a-mosque/
234,https://www.patheos.com/blogs/akramsrazor/2008/09/some-reflection/
235,https://www.patheos.com/blogs/akramsrazor/2008/09/sherman-jackson/
236,https://www.patheos.com/blogs/akramsrazor/2008/09/the-mullah-and/
237,https://www.patheos.com/blogs/akramsrazor/2008/09/a-touching-tribute-to-imam-wd-mohammed-and-a-plea-for-humility/
238,https://www.patheos.com/blogs/akramsrazor/2008/09/round-up-on-media-coverage-of-imam-wd-mohammeds-passing/
239,https://www.patheos.com/blogs/akramsrazor/2008/09/imam-wd-mohammed-moves-on/
240,https://www.patheos.com/blogs/akramsrazor/2008/08/nun-beauty-page/
241,https://www.patheos.com/blogs/akramsrazor/2008/08/richard-silverstein-on-mccains-hypocrisy-on-syria/
242,https://www.patheos.com/blogs/akramsrazor/2008/08/handy-list-of-jewish-terms/
243,https://www.patheos.com/blogs/akramsrazor/2008/08/ramadans-almost-here/
244,https://www.patheos.com/blogs/akramsrazor/2008/08/rats-saving-lives-in-tanzania/
245,https://www.patheos.com/blogs/akramsrazor/2008/08/some-thoughts-on-tony-campolo-jim-wallis-and-hijab/
246,https://www.patheos.com/blogs/akramsrazor/2008/08/sometimes-you-dont-get-the-best-deal-online/
247,https://www.patheos.com/blogs/akramsrazor/2008/08/yeah-those-liberals-dont-understand-the-economy/
248,https://www.patheos.com/blogs/akramsrazor/2008/07/the-unsung-moderation-of-us-jews/
249,https://www.patheos.com/blogs/akramsrazor/2008/07/israeli-econ-blockade-devastates-52-of-gazan-households/
250,https://www.patheos.com/blogs/akramsrazor/2008/06/my-piece-on-the-obama-apostasy-campaign/
251,https://www.patheos.com/blogs/akramsrazor/2008/06/danish-embassy-bombed-in-islamabad/
252,https://www.patheos.com/blogs/akramsrazor/2008/06/trapped-in-a-restaurant-full-of-drunks/
253,https://www.patheos.com/blogs/akramsrazor/2008/05/on-this-memorial-day-let-us-ponder-a-scandal-which-should-ought-to-drive-some-war-mongering-free-market-zealots-on-the-right-and-pseudo-left-to-commit-hari-kari-to-salvage-the-little-honor-they-have-l/
254,https://www.patheos.com/blogs/akramsrazor/2008/05/technical-problems/
255,https://www.patheos.com/blogs/akramsrazor/2008/05/lobelogcom-blog-archive-the-chalabsey-twinssenators-john-mccain-and-joseph-lieberman-have-been-traveling-around-the-country-together-repeatedly-charging-that-sen-barack-obamas-foreign-policy-ideas-are/
256,https://www.patheos.com/blogs/akramsrazor/2008/05/rebecca-walker-the-daughter-of-feminist-icon-and-author-of-the-color-purple-alice-walker-has-publicly-denounced-her-mother-and-her-brand-of-feminism-as-hypocritical-in-a-blistering-and-thought-provoki/
257,https://www.patheos.com/blogs/akramsrazor/2008/05/just-thought-i-share-with-you-sci-fi-heads-a-stimulating-observation-i-just-came-across-on-a-scandinavian-blog-concerning-isaac-asimovs-foundation-series-havent-read-them-in-forever-so-i-have-no-idea/
258,https://www.patheos.com/blogs/akramsrazor/2008/05/you-know-youre-muslim-if/
259,https://www.patheos.com/blogs/akramsrazor/2008/05/give-a-man-enou/
260,https://www.patheos.com/blogs/akramsrazor/2008/05/yoginder-sikand/
261,https://www.patheos.com/blogs/akramsrazor/2008/05/johann-hari-the/
262,https://www.patheos.com/blogs/akramsrazor/2008/05/lous-passing/
263,https://www.patheos.com/blogs/akramsrazor/2008/05/us-court-blocks/
264,https://www.patheos.com/blogs/akramsrazor/2008/05/a-church-in-the/
265,https://www.patheos.com/blogs/akramsrazor/2008/05/who-needs-the-g/
266,https://www.patheos.com/blogs/akramsrazor/2008/05/our-trail-of-te/
267,https://www.patheos.com/blogs/akramsrazor/2008/04/merry-pesach/
268,https://www.patheos.com/blogs/akramsrazor/2008/04/people-pray-in/
269,https://www.patheos.com/blogs/akramsrazor/2008/04/what-knowledge/
270,https://www.patheos.com/blogs/akramsrazor/2008/03/happy-easter-2/
271,https://www.patheos.com/blogs/akramsrazor/2008/03/ips-iraq-invasi/
272,https://www.patheos.com/blogs/akramsrazor/2008/03/i-miss-old-scho/
273,https://www.patheos.com/blogs/akramsrazor/2008/03/nyt-on-african/
274,https://www.patheos.com/blogs/akramsrazor/2008/03/obl-threatens-e/
275,https://www.patheos.com/blogs/akramsrazor/2008/03/the-decline-of/
276,https://www.patheos.com/blogs/akramsrazor/2008/03/the-power-of-ht/
277,https://www.patheos.com/blogs/akramsrazor/2008/03/john-oliver-str/
278,https://www.patheos.com/blogs/akramsrazor/2008/03/forbidden-love/
279,https://www.patheos.com/blogs/akramsrazor/2008/03/frontier-gandhi/
280,https://www.patheos.com/blogs/akramsrazor/2008/03/130m-donated-an/
281,https://www.patheos.com/blogs/akramsrazor/2008/03/the-number-of-m/
282,https://www.patheos.com/blogs/akramsrazor/2008/03/my-latest-at-rd/
283,https://www.patheos.com/blogs/akramsrazor/2008/03/zbigniew-brzezi/
284,https://www.patheos.com/blogs/akramsrazor/2008/03/hank-hanegraaff/
285,https://www.patheos.com/blogs/akramsrazor/2008/03/india-gets-into/
286,https://www.patheos.com/blogs/akramsrazor/2008/03/abdusatar-on-da/
287,https://www.patheos.com/blogs/akramsrazor/2008/03/oil-the-bane-of/
288,https://www.patheos.com/blogs/akramsrazor/2008/02/juan-cole-on-th/
289,https://www.patheos.com/blogs/akramsrazor/2008/02/my-latest-at-1/
290,https://www.patheos.com/blogs/akramsrazor/2008/02/my-latest-at-rd-2/
291,https://www.patheos.com/blogs/akramsrazor/2008/02/my-latest-at-re/
292,https://www.patheos.com/blogs/akramsrazor/2008/02/the-plight-of-w/
293,https://www.patheos.com/blogs/akramsrazor/2008/02/remember-childr/
294,https://www.patheos.com/blogs/akramsrazor/2008/02/new-blog-madras/
295,https://www.patheos.com/blogs/akramsrazor/2008/01/past-writings-t/
296,https://www.patheos.com/blogs/akramsrazor/2008/01/the-story-of-st/
297,https://www.patheos.com/blogs/akramsrazor/2008/01/nyt-kidney-thef/
298,https://www.patheos.com/blogs/akramsrazor/2008/01/npr-on-the-chil/
299,https://www.patheos.com/blogs/akramsrazor/2008/01/cloverfield-a-b/
300,https://www.patheos.com/blogs/akramsrazor/2008/01/free-back-issue/
301,https://www.patheos.com/blogs/akramsrazor/2008/01/my-post-on-mlk/
302,https://www.patheos.com/blogs/akramsrazor/2008/01/zeleza-post-on/
303,https://www.patheos.com/blogs/akramsrazor/2008/01/if-the-fbi-coul/
304,https://www.patheos.com/blogs/akramsrazor/2008/01/tikun-olam-on-h/
305,https://www.patheos.com/blogs/akramsrazor/2008/01/bill-clinton-is/
306,https://www.patheos.com/blogs/akramsrazor/2008/01/non-skeptical-e/
307,https://www.patheos.com/blogs/akramsrazor/2008/01/religion-dispat/
308,https://www.patheos.com/blogs/akramsrazor/2008/01/juan-cole-on-co/
309,https://www.patheos.com/blogs/akramsrazor/2008/01/the-menace-of-i/
310,https://www.patheos.com/blogs/akramsrazor/2008/01/snow-in-the-sou/
311,https://www.patheos.com/blogs/akramsrazor/2008/01/new-skirmishes/
312,https://www.patheos.com/blogs/akramsrazor/2008/01/yallahrup-frgeb/
313,https://www.patheos.com/blogs/akramsrazor/2008/01/28-weeks-later/
314,https://www.patheos.com/blogs/akramsrazor/2007/12/eid-mubarak/
315,https://www.patheos.com/blogs/akramsrazor/2007/12/a-whole-lotta-a/
316,https://www.patheos.com/blogs/akramsrazor/2007/12/the-christian-r/
317,https://www.patheos.com/blogs/akramsrazor/2007/12/csm-on-sufism-a/
318,https://www.patheos.com/blogs/akramsrazor/2007/12/visitors-from-b/
319,https://www.patheos.com/blogs/akramsrazor/2007/12/my-picks-for-1/
320,https://www.patheos.com/blogs/akramsrazor/2007/12/debate-for-sale/
321,https://www.patheos.com/blogs/akramsrazor/2007/12/charles-lewis-o/
322,https://www.patheos.com/blogs/akramsrazor/2007/12/ethiopian-wants/
323,https://www.patheos.com/blogs/akramsrazor/2007/11/ive-taken-a-sec/
324,https://www.patheos.com/blogs/akramsrazor/2007/11/4th-annual-bras/
325,https://www.patheos.com/blogs/akramsrazor/2007/11/a-very-qualifie/
326,https://www.patheos.com/blogs/akramsrazor/2007/11/the-miracle-of/
327,https://www.patheos.com/blogs/akramsrazor/2007/11/the-emperors-wi/
328,https://www.patheos.com/blogs/akramsrazor/2007/11/the-greater-jih/
329,https://www.patheos.com/blogs/akramsrazor/2007/11/halal-fishing-m/
330,https://www.patheos.com/blogs/akramsrazor/2007/10/encyclopedia-of/
331,https://www.patheos.com/blogs/akramsrazor/2007/10/khaleeji-consum/
332,https://www.patheos.com/blogs/akramsrazor/2007/10/reluctant-eid-m/
333,https://www.patheos.com/blogs/akramsrazor/2007/10/forget-pig-lati/
334,https://www.patheos.com/blogs/akramsrazor/2007/10/those-were-the/
335,https://www.patheos.com/blogs/akramsrazor/2007/09/ramadan-and-ros/
336,https://www.patheos.com/blogs/akramsrazor/2007/09/the-pentagon-fi/
337,https://www.patheos.com/blogs/akramsrazor/2007/08/food-for-though/
338,https://www.patheos.com/blogs/akramsrazor/2007/08/lars-von-triers/
339,https://www.patheos.com/blogs/akramsrazor/2007/08/the-latest-gem/
340,https://www.patheos.com/blogs/akramsrazor/2007/07/every-once-in-a/
341,https://www.patheos.com/blogs/akramsrazor/2007/07/to-blog-or-not/
342,https://www.patheos.com/blogs/akramsrazor/2007/07/the-end-of-tour/
343,https://www.patheos.com/blogs/akramsrazor/2007/07/the-road-to-par/
344,https://www.patheos.com/blogs/akramsrazor/2007/07/cnn-shameful-pr/
345,https://www.patheos.com/blogs/akramsrazor/2007/06/using-the-wikip/
346,https://www.patheos.com/blogs/akramsrazor/2007/06/desi-brides-non/
347,https://www.patheos.com/blogs/akramsrazor/2007/06/arabeng_definit/
348,https://www.patheos.com/blogs/akramsrazor/2007/06/see_jesus_camp_/
349,https://www.patheos.com/blogs/akramsrazor/2007/06/great_lecturess/
350,https://www.patheos.com/blogs/akramsrazor/2007/06/where_hate_spee/
351,https://www.patheos.com/blogs/akramsrazor/2007/06/the_power_of_fa/
352,https://www.patheos.com/blogs/akramsrazor/2007/06/the_unexpected_/
353,https://www.patheos.com/blogs/akramsrazor/2007/06/the_end_is_near/
354,https://www.patheos.com/blogs/akramsrazor/2007/06/the_best_of_rur/
355,https://www.patheos.com/blogs/akramsrazor/2007/06/the_infinite_va/
356,https://www.patheos.com/blogs/akramsrazor/2007/06/jaws_with_fur/
357,https://www.patheos.com/blogs/akramsrazor/2007/06/the_sad_lot_of_/
358,https://www.patheos.com/blogs/akramsrazor/2007/06/the_eerie_famil/
359,https://www.patheos.com/blogs/akramsrazor/2007/06/neuhaus_on_euro/
360,https://www.patheos.com/blogs/akramsrazor/2007/06/what_about_the_/
361,https://www.patheos.com/blogs/akramsrazor/2007/05/star_wars_docum/
362,https://www.patheos.com/blogs/akramsrazor/2007/05/reflections_on_/
363,https://www.patheos.com/blogs/akramsrazor/2007/05/hilfe_ich_bin_g/
364,https://www.patheos.com/blogs/akramsrazor/2007/05/the_resurrectio/
365,https://www.patheos.com/blogs/akramsrazor/2007/05/the_peshawar_bo/
366,https://www.patheos.com/blogs/akramsrazor/2007/05/a_question_to_p/
367,https://www.patheos.com/blogs/akramsrazor/2007/05/after_10_years_/
368,https://www.patheos.com/blogs/akramsrazor/2007/05/speaking_of_non/
369,https://www.patheos.com/blogs/akramsrazor/2007/05/silly_machinati/
370,https://www.patheos.com/blogs/akramsrazor/2007/05/fbi_muslim_neig/
371,https://www.patheos.com/blogs/akramsrazor/2007/05/mark_steyns_res/
372,https://www.patheos.com/blogs/akramsrazor/2007/05/washington_want/
373,https://www.patheos.com/blogs/akramsrazor/2007/05/downhome_americ/
374,https://www.patheos.com/blogs/akramsrazor/2007/05/curious_geopoli/
375,https://www.patheos.com/blogs/akramsrazor/2007/05/irans_problems/
376,https://www.patheos.com/blogs/akramsrazor/2007/05/i_admit_it_im_a/
377,https://www.patheos.com/blogs/akramsrazor/2007/05/a_childs_hug/
378,https://www.patheos.com/blogs/akramsrazor/2007/04/shabana_in_anth/
379,https://www.patheos.com/blogs/akramsrazor/2007/04/nyt_latino_immi/
380,https://www.patheos.com/blogs/akramsrazor/2007/04/isra_mawlid_con/
381,https://www.patheos.com/blogs/akramsrazor/2007/04/in_a_time_of_cr/
382,https://www.patheos.com/blogs/akramsrazor/2007/04/fight_club_meet/
383,https://www.patheos.com/blogs/akramsrazor/2007/04/whats_korean_ab/
384,https://www.patheos.com/blogs/akramsrazor/2007/04/richard_gere/
385,https://www.patheos.com/blogs/akramsrazor/2007/04/a_horrific_mass/
386,https://www.patheos.com/blogs/akramsrazor/2007/04/israeli_use_of_/
387,https://www.patheos.com/blogs/akramsrazor/2007/04/coming_to_lahor/
388,https://www.patheos.com/blogs/akramsrazor/2007/04/a_new_reason_to/
389,https://www.patheos.com/blogs/akramsrazor/2007/04/when_mutton_bec/
390,https://www.patheos.com/blogs/akramsrazor/2007/03/mischief_incarn/
391,https://www.patheos.com/blogs/akramsrazor/2007/03/more_on_ambigui/
392,https://www.patheos.com/blogs/akramsrazor/2007/03/salafis_kalam_a/
393,https://www.patheos.com/blogs/akramsrazor/2007/03/jewish_sages_on/
394,https://www.patheos.com/blogs/akramsrazor/2007/03/genieve_abdo_qu/
395,https://www.patheos.com/blogs/akramsrazor/2007/03/show_prayer_tim/
396,https://www.patheos.com/blogs/akramsrazor/2007/03/memorize_the_qu/
397,https://www.patheos.com/blogs/akramsrazor/2007/03/micheal_brub_on/
398,https://www.patheos.com/blogs/akramsrazor/2007/03/the_pantschangi/
399,https://www.patheos.com/blogs/akramsrazor/2007/03/tech_support_ge/
400,https://www.patheos.com/blogs/akramsrazor/2007/03/isaac_schrdinge/
401,https://www.patheos.com/blogs/akramsrazor/2007/03/an_old_arab_poe/
402,https://www.patheos.com/blogs/akramsrazor/2007/03/arabic_word_a_d/
403,https://www.patheos.com/blogs/akramsrazor/2007/03/tarek_fatah_und/
404,https://www.patheos.com/blogs/akramsrazor/2007/03/the_quackery_of/
405,https://www.patheos.com/blogs/akramsrazor/2007/03/new_from_monty_/
406,https://www.patheos.com/blogs/akramsrazor/2007/03/an_unexpected_a/
407,https://www.patheos.com/blogs/akramsrazor/2007/03/the_west_side_s/
408,https://www.patheos.com/blogs/akramsrazor/2007/02/muslim_women_fr/
409,https://www.patheos.com/blogs/akramsrazor/2007/02/reflections_on_-2/
410,https://www.patheos.com/blogs/akramsrazor/2007/02/carter_american/
411,https://www.patheos.com/blogs/akramsrazor/2007/02/a_brilliant_com/
412,https://www.patheos.com/blogs/akramsrazor/2007/02/turkish_govt_to/
413,https://www.patheos.com/blogs/akramsrazor/2007/02/france_as_model/
414,https://www.patheos.com/blogs/akramsrazor/2007/02/orthodox_rabbi_/
415,https://www.patheos.com/blogs/akramsrazor/2007/02/muslim_students/
416,https://www.patheos.com/blogs/akramsrazor/2007/02/terms/
417,https://www.patheos.com/blogs/akramsrazor/2007/02/umar_lee_on_his/
418,https://www.patheos.com/blogs/akramsrazor/2007/02/wopo_online_dis/
419,https://www.patheos.com/blogs/akramsrazor/2007/02/students_punish/
420,https://www.patheos.com/blogs/akramsrazor/2007/02/israeli_supreme/
421,https://www.patheos.com/blogs/akramsrazor/2007/02/a_nonreligious_/
422,https://www.patheos.com/blogs/akramsrazor/2007/01/a_brahmin_who_s/
423,https://www.patheos.com/blogs/akramsrazor/2007/01/la_eight_vindic/
424,https://www.patheos.com/blogs/akramsrazor/2007/01/mugmouse_the_ne/
425,https://www.patheos.com/blogs/akramsrazor/2007/01/german_conversi/
426,https://www.patheos.com/blogs/akramsrazor/2007/01/holocaust_work_/
427,https://www.patheos.com/blogs/akramsrazor/2007/01/the_hasidim_and/
428,https://www.patheos.com/blogs/akramsrazor/2007/01/looking_for_ste/
429,https://www.patheos.com/blogs/akramsrazor/2007/01/wasps_complaini/
430,https://www.patheos.com/blogs/akramsrazor/2007/01/a_rather_ironic/
431,https://www.patheos.com/blogs/akramsrazor/2007/01/the_war_on_terr/
432,https://www.patheos.com/blogs/akramsrazor/2007/01/a_different_kin/
433,https://www.patheos.com/blogs/akramsrazor/2007/01/mainstream_sour/
434,https://www.patheos.com/blogs/akramsrazor/2007/01/little_mosque_o/
435,https://www.patheos.com/blogs/akramsrazor/2007/01/amazoncom_jumps/
436,https://www.patheos.com/blogs/akramsrazor/2007/01/some_observatio/
437,https://www.patheos.com/blogs/akramsrazor/2007/01/krauthammer_on_/
438,https://www.patheos.com/blogs/akramsrazor/2007/01/the_economist_e/
439,https://www.patheos.com/blogs/akramsrazor/2007/01/fundamentalists/
440,https://www.patheos.com/blogs/akramsrazor/2007/01/those_barelvis_/
441,https://www.patheos.com/blogs/akramsrazor/2007/01/maher_arar_is_a/
442,https://www.patheos.com/blogs/akramsrazor/2007/01/bbc_one_in_20_h/
443,https://www.patheos.com/blogs/akramsrazor/2006/12/information_ove/
444,https://www.patheos.com/blogs/akramsrazor/2006/12/banality_and_ba/
445,https://www.patheos.com/blogs/akramsrazor/2006/12/carter_antisemi/
446,https://www.patheos.com/blogs/akramsrazor/2006/12/sdfsf/
447,https://www.patheos.com/blogs/akramsrazor/2006/12/channukah_chris/
448,https://www.patheos.com/blogs/akramsrazor/2006/12/ho_ho_ho/
449,https://www.patheos.com/blogs/akramsrazor/2006/12/mem/
450,https://www.patheos.com/blogs/akramsrazor/2006/12/jewish_man_pull/
451,https://www.patheos.com/blogs/akramsrazor/2006/12/shades_of_racis/
452,https://www.patheos.com/blogs/akramsrazor/2006/12/hurricane_katri/
453,https://www.patheos.com/blogs/akramsrazor/2006/12/may_almighty_go/
454,https://www.patheos.com/blogs/akramsrazor/2006/12/ireland_not_iri/
455,https://www.patheos.com/blogs/akramsrazor/2006/11/the_brass_cresc/
456,https://www.patheos.com/blogs/akramsrazor/2006/11/a_lesson_from_l/
457,https://www.patheos.com/blogs/akramsrazor/2006/11/laffaire_tariq_/
458,https://www.patheos.com/blogs/akramsrazor/2006/11/religious_discr/
459,https://www.patheos.com/blogs/akramsrazor/2006/11/muslims_the_new_1/
460,https://www.patheos.com/blogs/akramsrazor/2006/11/the_long_overdu/
461,https://www.patheos.com/blogs/akramsrazor/2006/10/veni_vidit_vici/
462,https://www.patheos.com/blogs/akramsrazor/2006/10/where_oh_where_/
463,https://www.patheos.com/blogs/akramsrazor/2006/10/80s_nostalgia_a/
464,https://www.patheos.com/blogs/akramsrazor/2006/10/one_mans_passag_1/
465,https://www.patheos.com/blogs/akramsrazor/2006/10/the_uncleanest_-1/
466,https://www.patheos.com/blogs/akramsrazor/2006/09/given_that_i_ha/
467,https://www.patheos.com/blogs/akramsrazor/2006/09/ralph_peters_is/
468,https://www.patheos.com/blogs/akramsrazor/2006/09/more_on_wahhabi/
469,https://www.patheos.com/blogs/akramsrazor/2006/09/csm_on_american/
470,https://www.patheos.com/blogs/akramsrazor/2006/09/more_on_wopo_pi/
471,https://www.patheos.com/blogs/akramsrazor/2006/09/more_on_hitlers/
472,https://www.patheos.com/blogs/akramsrazor/2006/09/washington_post/
473,https://www.patheos.com/blogs/akramsrazor/2006/08/the_limitations/
474,https://www.patheos.com/blogs/akramsrazor/2006/08/iraqs_assyrian_/
475,https://www.patheos.com/blogs/akramsrazor/2006/08/the_latest_thin/
476,https://www.patheos.com/blogs/akramsrazor/2006/08/buddhist_fists_/
477,https://www.patheos.com/blogs/akramsrazor/2006/07/why_muslims_don/
478,https://www.patheos.com/blogs/akramsrazor/2006/07/german_catholic/
479,https://www.patheos.com/blogs/akramsrazor/2006/07/romulan_technol/
480,https://www.patheos.com/blogs/akramsrazor/2006/07/compelling_new_/
481,https://www.patheos.com/blogs/akramsrazor/2006/07/an_unlikely_mol/
482,https://www.patheos.com/blogs/akramsrazor/2006/07/unbridled_savag/
483,https://www.patheos.com/blogs/akramsrazor/2006/07/alan_wolfe_on_a/
484,https://www.patheos.com/blogs/akramsrazor/2006/07/continuity_scif_1/
485,https://www.patheos.com/blogs/akramsrazor/2006/07/europes_mosque_/
486,https://www.patheos.com/blogs/akramsrazor/2006/07/europe_fiddles_/
487,https://www.patheos.com/blogs/akramsrazor/2006/07/muslimonly_days/
488,https://www.patheos.com/blogs/akramsrazor/2006/07/john_stewart_on/
489,https://www.patheos.com/blogs/akramsrazor/2006/06/who_recognizes__1/
490,https://www.patheos.com/blogs/akramsrazor/2006/06/a_commercial_to/
491,https://www.patheos.com/blogs/akramsrazor/2006/06/who_recognizes_/
492,https://www.patheos.com/blogs/akramsrazor/2006/06/concessions_vs_/
493,https://www.patheos.com/blogs/akramsrazor/2006/06/the_miami_seven/
494,https://www.patheos.com/blogs/akramsrazor/2006/06/lectures_on_byz/
495,https://www.patheos.com/blogs/akramsrazor/2006/06/fish/
496,https://www.patheos.com/blogs/akramsrazor/2006/06/some_background/
497,https://www.patheos.com/blogs/akramsrazor/2006/06/norm_solomon_on/
498,https://www.patheos.com/blogs/akramsrazor/2006/06/comparing_us_mu/
499,https://www.patheos.com/blogs/akramsrazor/2006/06/the_usual_dehum/
500,https://www.patheos.com/blogs/akramsrazor/2006/06/pentagon_in_200/
501,https://www.patheos.com/blogs/akramsrazor/2006/06/progressive_fai/
502,https://www.patheos.com/blogs/akramsrazor/2006/06/jyllandspostens/
503,https://www.patheos.com/blogs/akramsrazor/2006/06/priest_spank_im/
504,https://www.patheos.com/blogs/akramsrazor/2006/06/how_do_we_expec/
505,https://www.patheos.com/blogs/akramsrazor/2006/06/literalism_and_/
506,https://www.patheos.com/blogs/akramsrazor/2006/06/ky_christians_d/
507,https://www.patheos.com/blogs/akramsrazor/2006/06/unwilling_selfn_1/
508,https://www.patheos.com/blogs/akramsrazor/2006/06/the_curious_his_1/
509,https://www.patheos.com/blogs/akramsrazor/2006/06/forget_blowing_/
510,https://www.patheos.com/blogs/akramsrazor/2006/06/mozaffar_on_the/
511,https://www.patheos.com/blogs/akramsrazor/2006/06/islamist_mods_o/
512,https://www.patheos.com/blogs/akramsrazor/2006/06/avarinameh_on_t/
513,https://www.patheos.com/blogs/akramsrazor/2006/06/gratitude_for_t/
514,https://www.patheos.com/blogs/akramsrazor/2006/05/virtually_islam/
515,https://www.patheos.com/blogs/akramsrazor/2006/05/how_about_polic/
516,https://www.patheos.com/blogs/akramsrazor/2006/05/when_in_doubt_c/
517,https://www.patheos.com/blogs/akramsrazor/2006/05/understanding_t/
518,https://www.patheos.com/blogs/akramsrazor/2006/05/national_review/
519,https://www.patheos.com/blogs/akramsrazor/2006/05/yoginder_sikand/
520,https://www.patheos.com/blogs/akramsrazor/2006/05/unicef_25_of_wo/
521,https://www.patheos.com/blogs/akramsrazor/2006/05/indian_christia/
522,https://www.patheos.com/blogs/akramsrazor/2006/05/the_da_vinci_pr/
523,https://www.patheos.com/blogs/akramsrazor/2006/05/the_da_vinci_co/
524,https://www.patheos.com/blogs/akramsrazor/2006/05/the_problem_wit/
525,https://www.patheos.com/blogs/akramsrazor/2006/05/colbert_bslaps_/
526,https://www.patheos.com/blogs/akramsrazor/2006/05/a_moving_accoun/
527,https://www.patheos.com/blogs/akramsrazor/2006/05/public_figures_/
528,https://www.patheos.com/blogs/akramsrazor/2006/05/screenwriters_t/
529,https://www.patheos.com/blogs/akramsrazor/2006/05/abbu_finally_ge_1/
530,https://www.patheos.com/blogs/akramsrazor/2006/05/the_tangled_web/
531,https://www.patheos.com/blogs/akramsrazor/2006/05/life_imitating__1/
532,https://www.patheos.com/blogs/akramsrazor/2006/04/christian_blood_1/
533,https://www.patheos.com/blogs/akramsrazor/2006/04/meen_irhabi_who/
534,https://www.patheos.com/blogs/akramsrazor/2006/04/gk_chestertons_/
535,https://www.patheos.com/blogs/akramsrazor/2006/04/shabana_on_lite/
536,https://www.patheos.com/blogs/akramsrazor/2006/04/yes_the_united_/
537,https://www.patheos.com/blogs/akramsrazor/2006/04/what_happened/
538,https://www.patheos.com/blogs/akramsrazor/2006/04/update_on_the_b/
539,https://www.patheos.com/blogs/akramsrazor/2006/04/the_superfriend/
540,https://www.patheos.com/blogs/akramsrazor/2006/03/gay_marriage_th/
541,https://www.patheos.com/blogs/akramsrazor/2006/03/benefits_being_/
542,https://www.patheos.com/blogs/akramsrazor/2006/03/homosexuality_i/
543,https://www.patheos.com/blogs/akramsrazor/2006/03/gay_special_str/
544,https://www.patheos.com/blogs/akramsrazor/2006/03/when_in_doubt_g/
545,https://www.patheos.com/blogs/akramsrazor/2006/03/random_platitud/
546,https://www.patheos.com/blogs/akramsrazor/2006/03/go_lady_caliphs_1/
547,https://www.patheos.com/blogs/akramsrazor/2006/03/polygamy_in_ame/
548,https://www.patheos.com/blogs/akramsrazor/2006/03/aqoul_how_to_be/
549,https://www.patheos.com/blogs/akramsrazor/2006/03/dutch_thought_p/
550,https://www.patheos.com/blogs/akramsrazor/2006/03/a_beastly_crime/
551,https://www.patheos.com/blogs/akramsrazor/2006/03/a_fun_list_of_m/
552,https://www.patheos.com/blogs/akramsrazor/2006/03/descendent_of_i/
553,https://www.patheos.com/blogs/akramsrazor/2006/03/die_zeit_on_for/
554,https://www.patheos.com/blogs/akramsrazor/2006/03/the_passing_of__1/
555,https://www.patheos.com/blogs/akramsrazor/2006/03/fukuyama_neocon/
556,https://www.patheos.com/blogs/akramsrazor/2006/03/wp_negative_per/
557,https://www.patheos.com/blogs/akramsrazor/2006/03/the_passing_of_/
558,https://www.patheos.com/blogs/akramsrazor/2006/03/one_students_cu/
559,https://www.patheos.com/blogs/akramsrazor/2006/03/bbc_us_settles_/
560,https://www.patheos.com/blogs/akramsrazor/2006/03/csm_on_protests/
561,https://www.patheos.com/blogs/akramsrazor/2006/03/malaysian_islam/
562,https://www.patheos.com/blogs/akramsrazor/2006/03/mob_rule_what_p/
563,https://www.patheos.com/blogs/akramsrazor/2006/03/cartoon_body_co/
564,https://www.patheos.com/blogs/akramsrazor/2006/03/angry_danishame/
565,https://www.patheos.com/blogs/akramsrazor/2006/02/am_still_semiin/
566,https://www.patheos.com/blogs/akramsrazor/2006/02/is_swinophobia_-1/
567,https://www.patheos.com/blogs/akramsrazor/2006/02/mozaffar_on_wha/
568,https://www.patheos.com/blogs/akramsrazor/2006/02/the_ugly_duckli/
569,https://www.patheos.com/blogs/akramsrazor/2006/02/the_askariyya_b/
570,https://www.patheos.com/blogs/akramsrazor/2006/02/more_on_the_dan/
571,https://www.patheos.com/blogs/akramsrazor/2006/02/akrams_razor_de/
572,https://www.patheos.com/blogs/akramsrazor/2006/02/the_cartoon_rio/
573,https://www.patheos.com/blogs/akramsrazor/2006/02/fleming/
574,https://www.patheos.com/blogs/akramsrazor/2006/02/brass_crescent_/
575,https://www.patheos.com/blogs/akramsrazor/2006/02/pakistanis_prot/
576,https://www.patheos.com/blogs/akramsrazor/2006/02/sufis_vs_shiahs/
577,https://www.patheos.com/blogs/akramsrazor/2006/02/europes_contemp/
578,https://www.patheos.com/blogs/akramsrazor/2006/02/fred_halliday_o/
579,https://www.patheos.com/blogs/akramsrazor/2006/02/new_courses_at_/
580,https://www.patheos.com/blogs/akramsrazor/2006/02/islam_science/
581,https://www.patheos.com/blogs/akramsrazor/2006/02/who_killed_gene/
582,https://www.patheos.com/blogs/akramsrazor/2006/02/remembering_ahm/
583,https://www.patheos.com/blogs/akramsrazor/2006/02/the_idiot_calva_1/
584,https://www.patheos.com/blogs/akramsrazor/2006/02/learning_and_le/
585,https://www.patheos.com/blogs/akramsrazor/2006/02/more_on_the_pig/
586,https://www.patheos.com/blogs/akramsrazor/2006/02/afghani_women_s/
587,https://www.patheos.com/blogs/akramsrazor/2006/02/when_superstiti/
588,https://www.patheos.com/blogs/akramsrazor/2006/02/cartoons_story__1/
589,https://www.patheos.com/blogs/akramsrazor/2006/02/a_lego_artist_1/
590,https://www.patheos.com/blogs/akramsrazor/2006/02/qaradawi_on_car/
591,https://www.patheos.com/blogs/akramsrazor/2006/02/the_sudden_pass/
592,https://www.patheos.com/blogs/akramsrazor/2006/02/of_skewed_prior/
593,https://www.patheos.com/blogs/akramsrazor/2006/02/the_pig_picture/
594,https://www.patheos.com/blogs/akramsrazor/2006/02/french_row_over/
595,https://www.patheos.com/blogs/akramsrazor/2006/02/hamas_is_the_so/
596,https://www.patheos.com/blogs/akramsrazor/2006/02/bookish_on_cart/
597,https://www.patheos.com/blogs/akramsrazor/2006/02/viking_mouths_i/
598,https://www.patheos.com/blogs/akramsrazor/2006/02/venit_vidit_vic/
599,https://www.patheos.com/blogs/akramsrazor/2006/02/portraying_prop/
600,https://www.patheos.com/blogs/akramsrazor/2006/02/the_idiot_calva/
601,https://www.patheos.com/blogs/akramsrazor/2006/02/more_on_jps_inc/
602,https://www.patheos.com/blogs/akramsrazor/2006/02/hurrican_katrin/
603,https://www.patheos.com/blogs/akramsrazor/2006/02/hell_in_a_handb/
604,https://www.patheos.com/blogs/akramsrazor/2006/02/the_myth_of_mus/
605,https://www.patheos.com/blogs/akramsrazor/2006/02/russian_muslims/
606,https://www.patheos.com/blogs/akramsrazor/2006/02/hypocrisy_of_ca/
607,https://www.patheos.com/blogs/akramsrazor/2006/02/french_newspape/
608,https://www.patheos.com/blogs/akramsrazor/2006/02/danes_finally_a/
609,https://www.patheos.com/blogs/akramsrazor/2006/02/jp/
610,https://www.patheos.com/blogs/akramsrazor/2006/01/oped_on_islamic/
611,https://www.patheos.com/blogs/akramsrazor/2006/01/nyt_on_children/
612,https://www.patheos.com/blogs/akramsrazor/2006/01/palestinians_re/
613,https://www.patheos.com/blogs/akramsrazor/2006/01/legos_robots_bo/
614,https://www.patheos.com/blogs/akramsrazor/2006/01/letat_cest_w/
615,https://www.patheos.com/blogs/akramsrazor/2006/01/bbc_britons_unc/
616,https://www.patheos.com/blogs/akramsrazor/2006/01/americas_most_e/
617,https://www.patheos.com/blogs/akramsrazor/2006/01/a_family_member/
618,https://www.patheos.com/blogs/akramsrazor/2006/01/god_talking_to_/
619,https://www.patheos.com/blogs/akramsrazor/2006/01/essential_downl/
620,https://www.patheos.com/blogs/akramsrazor/2006/01/star_trek_new_v/
621,https://www.patheos.com/blogs/akramsrazor/2006/01/whiteys_still_o/
622,https://www.patheos.com/blogs/akramsrazor/2006/01/the_straight_do/
623,https://www.patheos.com/blogs/akramsrazor/2006/01/shabana_on_clot/
624,https://www.patheos.com/blogs/akramsrazor/2006/01/uneven_kingdom_/
625,https://www.patheos.com/blogs/akramsrazor/2006/01/cultural_identi/
626,https://www.patheos.com/blogs/akramsrazor/2006/01/ethiopia_eritre/
627,https://www.patheos.com/blogs/akramsrazor/2006/01/must_sufis_be_m/
628,https://www.patheos.com/blogs/akramsrazor/2006/01/the_inspiring_m/
629,https://www.patheos.com/blogs/akramsrazor/2006/01/brass_crescent_-2/
630,https://www.patheos.com/blogs/akramsrazor/2006/01/the_quran_jews_/
631,https://www.patheos.com/blogs/akramsrazor/2005/12/today_god_is_tw_1/
632,https://www.patheos.com/blogs/akramsrazor/2005/12/chinese_tourist/
633,https://www.patheos.com/blogs/akramsrazor/2005/12/the_brick_testa_1/
634,https://www.patheos.com/blogs/akramsrazor/2005/12/why_european_wo_1/
635,https://www.patheos.com/blogs/akramsrazor/2005/12/the_terminator_/
636,https://www.patheos.com/blogs/akramsrazor/2005/12/state_departmen/
637,https://www.patheos.com/blogs/akramsrazor/2005/12/the_radicalism_/
638,https://www.patheos.com/blogs/akramsrazor/2005/12/the_grinch_a_mi/
639,https://www.patheos.com/blogs/akramsrazor/2005/12/male_bloggers_a_1/
640,https://www.patheos.com/blogs/akramsrazor/2005/12/skiing_in_uae/
641,https://www.patheos.com/blogs/akramsrazor/2005/12/a_lost_tribe_of_1/
642,https://www.patheos.com/blogs/akramsrazor/2005/12/an_unfair_fight/
643,https://www.patheos.com/blogs/akramsrazor/2005/12/fisk_on_fisking/
644,https://www.patheos.com/blogs/akramsrazor/2005/12/a_killer_gets_a/
645,https://www.patheos.com/blogs/akramsrazor/2005/12/guantanamo_acti/
646,https://www.patheos.com/blogs/akramsrazor/2005/12/the_joys_of_int/
647,https://www.patheos.com/blogs/akramsrazor/2005/12/tearing_down_sh/
648,https://www.patheos.com/blogs/akramsrazor/2005/12/sunnipathcom_on/
649,https://www.patheos.com/blogs/akramsrazor/2005/12/must_muslims_re/
650,https://www.patheos.com/blogs/akramsrazor/2005/11/more_on_harun_y/
651,https://www.patheos.com/blogs/akramsrazor/2005/11/rejecting_a_mah/
652,https://www.patheos.com/blogs/akramsrazor/2005/11/colonialisms_ma/
653,https://www.patheos.com/blogs/akramsrazor/2005/11/a_good_mullah/
654,https://www.patheos.com/blogs/akramsrazor/2005/11/the_next_french/
655,https://www.patheos.com/blogs/akramsrazor/2005/11/sister_miss_eng/
656,https://www.patheos.com/blogs/akramsrazor/2005/11/ramadan_tv_and_/
657,https://www.patheos.com/blogs/akramsrazor/2005/11/paris_is_burnin/
658,https://www.patheos.com/blogs/akramsrazor/2005/10/libbys_resignat/
659,https://www.patheos.com/blogs/akramsrazor/2005/10/the_worlds_most/
660,https://www.patheos.com/blogs/akramsrazor/2005/10/the_dars_ladies/
661,https://www.patheos.com/blogs/akramsrazor/2005/10/tarawih_in_fren/
662,https://www.patheos.com/blogs/akramsrazor/2005/10/mindboggling_co/
663,https://www.patheos.com/blogs/akramsrazor/2005/10/rich_muslims_ri/
664,https://www.patheos.com/blogs/akramsrazor/2005/10/reality_check_f/
665,https://www.patheos.com/blogs/akramsrazor/2005/10/ramadan_memorie/
666,https://www.patheos.com/blogs/akramsrazor/2005/10/misplaced_prior/
667,https://www.patheos.com/blogs/akramsrazor/2005/10/jews_muslims_bl/
668,https://www.patheos.com/blogs/akramsrazor/2005/09/new_meaning_to_/
669,https://www.patheos.com/blogs/akramsrazor/2005/09/lessons_learned/
670,https://www.patheos.com/blogs/akramsrazor/2005/09/reality_vs_fict/
671,https://www.patheos.com/blogs/akramsrazor/2005/08/the_fragility_a/
672,https://www.patheos.com/blogs/akramsrazor/2005/08/democracy_by_fo/
673,https://www.patheos.com/blogs/akramsrazor/2005/08/churches_remind/
674,https://www.patheos.com/blogs/akramsrazor/2005/08/why_do_muslims_/
675,https://www.patheos.com/blogs/akramsrazor/2005/07/the_catholic_ch/
676,https://www.patheos.com/blogs/akramsrazor/2005/07/the_bittersweet/
677,https://www.patheos.com/blogs/akramsrazor/2005/07/king_abdullah_a/
678,https://www.patheos.com/blogs/akramsrazor/2005/07/tom_tancredo_st/
679,https://www.patheos.com/blogs/akramsrazor/2005/07/the_backlash_co/
680,https://www.patheos.com/blogs/akramsrazor/2005/07/the_last_word_o/
681,https://www.patheos.com/blogs/akramsrazor/2005/07/more_on_the_lon/
682,https://www.patheos.com/blogs/akramsrazor/2005/07/blairs_bombs/
683,https://www.patheos.com/blogs/akramsrazor/2005/07/the_problem_wit-2/
684,https://www.patheos.com/blogs/akramsrazor/2005/07/define_alqaida/
685,https://www.patheos.com/blogs/akramsrazor/2005/07/juan_cole_fried/
686,https://www.patheos.com/blogs/akramsrazor/2005/07/a_great_project/
687,https://www.patheos.com/blogs/akramsrazor/2005/07/giving_credit_w/
688,https://www.patheos.com/blogs/akramsrazor/2005/07/postscript_on_m/
689,https://www.patheos.com/blogs/akramsrazor/2005/07/the_attacks_in_/
690,https://www.patheos.com/blogs/akramsrazor/2005/07/online_resource/
691,https://www.patheos.com/blogs/akramsrazor/2005/07/is_technology_i/
692,https://www.patheos.com/blogs/akramsrazor/2005/06/muslim_organiza/
693,https://www.patheos.com/blogs/akramsrazor/2005/06/the_science_of_/
694,https://www.patheos.com/blogs/akramsrazor/2005/06/what_is_akrams_/
695,https://www.patheos.com/blogs/akramsrazor/2005/06/muslim_women_be/
696,https://www.patheos.com/blogs/akramsrazor/2005/06/messianic_doubl/
